gridId,geometry
1,"POLYGON ((-87.9444 41.6387, -87.9255 41.6387, -87.9255 41.6242, -87.9444 41.6242, -87.9444 41.6387))"
2,"POLYGON ((-87.9255 41.6387, -87.9067 41.6387, -87.9067 41.6242, -87.9255 41.6242, -87.9255 41.6387))"
3,"POLYGON ((-87.9067 41.6387, -87.8878 41.6387, -87.8878 41.6242, -87.9067 41.6242, -87.9067 41.6387))"
4,"POLYGON ((-87.8878 41.6387, -87.8689 41.6387, -87.8689 41.6242, -87.8878 41.6242, -87.8878 41.6387))"
5,"POLYGON ((-87.8689 41.6387, -87.84999999999999 41.6387, -87.84999999999999 41.6242, -87.8689 41.6242, -87.8689 41.6387))"
6,"POLYGON ((-87.84999999999999 41.6387, -87.8312 41.6387, -87.8312 41.6242, -87.84999999999999 41.6242, -87.84999999999999 41.6387))"
7,"POLYGON ((-87.8312 41.6387, -87.81229999999999 41.6387, -87.81229999999999 41.6242, -87.8312 41.6242, -87.8312 41.6387))"
8,"POLYGON ((-87.81229999999999 41.6387, -87.79340000000001 41.6387, -87.79340000000001 41.6242, -87.81229999999999 41.6242, -87.81229999999999 41.6387))"
9,"POLYGON ((-87.79340000000001 41.6387, -87.77460000000001 41.6387, -87.77460000000001 41.6242, -87.79340000000001 41.6242, -87.79340000000001 41.6387))"
10,"POLYGON ((-87.77460000000001 41.6387, -87.7557 41.6387, -87.7557 41.6242, -87.77460000000001 41.6242, -87.77460000000001 41.6387))"
11,"POLYGON ((-87.7557 41.6387, -87.7368 41.6387, -87.7368 41.6242, -87.7557 41.6242, -87.7557 41.6387))"
12,"POLYGON ((-87.7368 41.6387, -87.718 41.6387, -87.718 41.6242, -87.7368 41.6242, -87.7368 41.6387))"
13,"POLYGON ((-87.718 41.6387, -87.6991 41.6387, -87.6991 41.6242, -87.718 41.6242, -87.718 41.6387))"
14,"POLYGON ((-87.6991 41.6387, -87.6802 41.6387, -87.6802 41.6242, -87.6991 41.6242, -87.6991 41.6387))"
15,"POLYGON ((-87.6802 41.6387, -87.6614 41.6387, -87.6614 41.6242, -87.6802 41.6242, -87.6802 41.6387))"
16,"POLYGON ((-87.6614 41.6387, -87.6425 41.6387, -87.6425 41.6242, -87.6614 41.6242, -87.6614 41.6387))"
17,"POLYGON ((-87.6425 41.6387, -87.6236 41.6387, -87.6236 41.6242, -87.6425 41.6242, -87.6425 41.6387))"
18,"POLYGON ((-87.6236 41.6387, -87.6048 41.6387, -87.6048 41.6242, -87.6236 41.6242, -87.6236 41.6387))"
19,"POLYGON ((-87.6048 41.6387, -87.5859 41.6387, -87.5859 41.6242, -87.6048 41.6242, -87.6048 41.6387))"
20,"POLYGON ((-87.5859 41.6387, -87.56699999999999 41.6387, -87.56699999999999 41.6242, -87.5859 41.6242, -87.5859 41.6387))"
21,"POLYGON ((-87.56699999999999 41.6387, -87.54819999999999 41.6387, -87.54819999999999 41.6242, -87.56699999999999 41.6242, -87.56699999999999 41.6387))"
22,"POLYGON ((-87.54819999999999 41.6387, -87.52930000000001 41.6387, -87.52930000000001 41.6242, -87.54819999999999 41.6242, -87.54819999999999 41.6387))"
23,"POLYGON ((-87.52930000000001 41.6387, -87.5104 41.6387, -87.5104 41.6242, -87.52930000000001 41.6242, -87.52930000000001 41.6387))"
24,"POLYGON ((-87.5104 41.6387, -87.49160000000001 41.6387, -87.49160000000001 41.6242, -87.5104 41.6242, -87.5104 41.6387))"
25,"POLYGON ((-87.49160000000001 41.6387, -87.4727 41.6387, -87.4727 41.6242, -87.49160000000001 41.6242, -87.49160000000001 41.6387))"
26,"POLYGON ((-87.9444 41.6532, -87.9255 41.6532, -87.9255 41.6387, -87.9444 41.6387, -87.9444 41.6532))"
27,"POLYGON ((-87.9255 41.6532, -87.9067 41.6532, -87.9067 41.6387, -87.9255 41.6387, -87.9255 41.6532))"
28,"POLYGON ((-87.9067 41.6532, -87.8878 41.6532, -87.8878 41.6387, -87.9067 41.6387, -87.9067 41.6532))"
29,"POLYGON ((-87.8878 41.6532, -87.8689 41.6532, -87.8689 41.6387, -87.8878 41.6387, -87.8878 41.6532))"
30,"POLYGON ((-87.8689 41.6532, -87.84999999999999 41.6532, -87.84999999999999 41.6387, -87.8689 41.6387, -87.8689 41.6532))"
31,"POLYGON ((-87.84999999999999 41.6532, -87.8312 41.6532, -87.8312 41.6387, -87.84999999999999 41.6387, -87.84999999999999 41.6532))"
32,"POLYGON ((-87.8312 41.6532, -87.81229999999999 41.6532, -87.81229999999999 41.6387, -87.8312 41.6387, -87.8312 41.6532))"
33,"POLYGON ((-87.81229999999999 41.6532, -87.79340000000001 41.6532, -87.79340000000001 41.6387, -87.81229999999999 41.6387, -87.81229999999999 41.6532))"
34,"POLYGON ((-87.79340000000001 41.6532, -87.77460000000001 41.6532, -87.77460000000001 41.6387, -87.79340000000001 41.6387, -87.79340000000001 41.6532))"
35,"POLYGON ((-87.77460000000001 41.6532, -87.7557 41.6532, -87.7557 41.6387, -87.77460000000001 41.6387, -87.77460000000001 41.6532))"
36,"POLYGON ((-87.7557 41.6532, -87.7368 41.6532, -87.7368 41.6387, -87.7557 41.6387, -87.7557 41.6532))"
37,"POLYGON ((-87.7368 41.6532, -87.718 41.6532, -87.718 41.6387, -87.7368 41.6387, -87.7368 41.6532))"
38,"POLYGON ((-87.718 41.6532, -87.6991 41.6532, -87.6991 41.6387, -87.718 41.6387, -87.718 41.6532))"
39,"POLYGON ((-87.6991 41.6532, -87.6802 41.6532, -87.6802 41.6387, -87.6991 41.6387, -87.6991 41.6532))"
40,"POLYGON ((-87.6802 41.6532, -87.6614 41.6532, -87.6614 41.6387, -87.6802 41.6387, -87.6802 41.6532))"
41,"POLYGON ((-87.6614 41.6532, -87.6425 41.6532, -87.6425 41.6387, -87.6614 41.6387, -87.6614 41.6532))"
42,"POLYGON ((-87.6425 41.6532, -87.6236 41.6532, -87.6236 41.6387, -87.6425 41.6387, -87.6425 41.6532))"
43,"POLYGON ((-87.6236 41.6532, -87.6048 41.6532, -87.6048 41.6387, -87.6236 41.6387, -87.6236 41.6532))"
44,"POLYGON ((-87.6048 41.6532, -87.5859 41.6532, -87.5859 41.6387, -87.6048 41.6387, -87.6048 41.6532))"
45,"POLYGON ((-87.5859 41.6532, -87.56699999999999 41.6532, -87.56699999999999 41.6387, -87.5859 41.6387, -87.5859 41.6532))"
46,"POLYGON ((-87.56699999999999 41.6532, -87.54819999999999 41.6532, -87.54819999999999 41.6387, -87.56699999999999 41.6387, -87.56699999999999 41.6532))"
47,"POLYGON ((-87.54819999999999 41.6532, -87.52930000000001 41.6532, -87.52930000000001 41.6387, -87.54819999999999 41.6387, -87.54819999999999 41.6532))"
48,"POLYGON ((-87.52930000000001 41.6532, -87.5104 41.6532, -87.5104 41.6387, -87.52930000000001 41.6387, -87.52930000000001 41.6532))"
49,"POLYGON ((-87.5104 41.6532, -87.49160000000001 41.6532, -87.49160000000001 41.6387, -87.5104 41.6387, -87.5104 41.6532))"
50,"POLYGON ((-87.49160000000001 41.6532, -87.4727 41.6532, -87.4727 41.6387, -87.49160000000001 41.6387, -87.49160000000001 41.6532))"
51,"POLYGON ((-87.9444 41.6677, -87.9255 41.6677, -87.9255 41.6532, -87.9444 41.6532, -87.9444 41.6677))"
52,"POLYGON ((-87.9255 41.6677, -87.9067 41.6677, -87.9067 41.6532, -87.9255 41.6532, -87.9255 41.6677))"
53,"POLYGON ((-87.9067 41.6677, -87.8878 41.6677, -87.8878 41.6532, -87.9067 41.6532, -87.9067 41.6677))"
54,"POLYGON ((-87.8878 41.6677, -87.8689 41.6677, -87.8689 41.6532, -87.8878 41.6532, -87.8878 41.6677))"
55,"POLYGON ((-87.8689 41.6677, -87.84999999999999 41.6677, -87.84999999999999 41.6532, -87.8689 41.6532, -87.8689 41.6677))"
56,"POLYGON ((-87.84999999999999 41.6677, -87.8312 41.6677, -87.8312 41.6532, -87.84999999999999 41.6532, -87.84999999999999 41.6677))"
57,"POLYGON ((-87.8312 41.6677, -87.81229999999999 41.6677, -87.81229999999999 41.6532, -87.8312 41.6532, -87.8312 41.6677))"
58,"POLYGON ((-87.81229999999999 41.6677, -87.79340000000001 41.6677, -87.79340000000001 41.6532, -87.81229999999999 41.6532, -87.81229999999999 41.6677))"
59,"POLYGON ((-87.79340000000001 41.6677, -87.77460000000001 41.6677, -87.77460000000001 41.6532, -87.79340000000001 41.6532, -87.79340000000001 41.6677))"
60,"POLYGON ((-87.77460000000001 41.6677, -87.7557 41.6677, -87.7557 41.6532, -87.77460000000001 41.6532, -87.77460000000001 41.6677))"
61,"POLYGON ((-87.7557 41.6677, -87.7368 41.6677, -87.7368 41.6532, -87.7557 41.6532, -87.7557 41.6677))"
62,"POLYGON ((-87.7368 41.6677, -87.718 41.6677, -87.718 41.6532, -87.7368 41.6532, -87.7368 41.6677))"
63,"POLYGON ((-87.718 41.6677, -87.6991 41.6677, -87.6991 41.6532, -87.718 41.6532, -87.718 41.6677))"
64,"POLYGON ((-87.6991 41.6677, -87.6802 41.6677, -87.6802 41.6532, -87.6991 41.6532, -87.6991 41.6677))"
65,"POLYGON ((-87.6802 41.6677, -87.6614 41.6677, -87.6614 41.6532, -87.6802 41.6532, -87.6802 41.6677))"
66,"POLYGON ((-87.6614 41.6677, -87.6425 41.6677, -87.6425 41.6532, -87.6614 41.6532, -87.6614 41.6677))"
67,"POLYGON ((-87.6425 41.6677, -87.6236 41.6677, -87.6236 41.6532, -87.6425 41.6532, -87.6425 41.6677))"
68,"POLYGON ((-87.6236 41.6677, -87.6048 41.6677, -87.6048 41.6532, -87.6236 41.6532, -87.6236 41.6677))"
69,"POLYGON ((-87.6048 41.6677, -87.5859 41.6677, -87.5859 41.6532, -87.6048 41.6532, -87.6048 41.6677))"
70,"POLYGON ((-87.5859 41.6677, -87.56699999999999 41.6677, -87.56699999999999 41.6532, -87.5859 41.6532, -87.5859 41.6677))"
71,"POLYGON ((-87.56699999999999 41.6677, -87.54819999999999 41.6677, -87.54819999999999 41.6532, -87.56699999999999 41.6532, -87.56699999999999 41.6677))"
72,"POLYGON ((-87.54819999999999 41.6677, -87.52930000000001 41.6677, -87.52930000000001 41.6532, -87.54819999999999 41.6532, -87.54819999999999 41.6677))"
73,"POLYGON ((-87.52930000000001 41.6677, -87.5104 41.6677, -87.5104 41.6532, -87.52930000000001 41.6532, -87.52930000000001 41.6677))"
74,"POLYGON ((-87.5104 41.6677, -87.49160000000001 41.6677, -87.49160000000001 41.6532, -87.5104 41.6532, -87.5104 41.6677))"
75,"POLYGON ((-87.49160000000001 41.6677, -87.4727 41.6677, -87.4727 41.6532, -87.49160000000001 41.6532, -87.49160000000001 41.6677))"
76,"POLYGON ((-87.9444 41.6822, -87.9255 41.6822, -87.9255 41.6677, -87.9444 41.6677, -87.9444 41.6822))"
77,"POLYGON ((-87.9255 41.6822, -87.9067 41.6822, -87.9067 41.6677, -87.9255 41.6677, -87.9255 41.6822))"
78,"POLYGON ((-87.9067 41.6822, -87.8878 41.6822, -87.8878 41.6677, -87.9067 41.6677, -87.9067 41.6822))"
79,"POLYGON ((-87.8878 41.6822, -87.8689 41.6822, -87.8689 41.6677, -87.8878 41.6677, -87.8878 41.6822))"
80,"POLYGON ((-87.8689 41.6822, -87.84999999999999 41.6822, -87.84999999999999 41.6677, -87.8689 41.6677, -87.8689 41.6822))"
81,"POLYGON ((-87.84999999999999 41.6822, -87.8312 41.6822, -87.8312 41.6677, -87.84999999999999 41.6677, -87.84999999999999 41.6822))"
82,"POLYGON ((-87.8312 41.6822, -87.81229999999999 41.6822, -87.81229999999999 41.6677, -87.8312 41.6677, -87.8312 41.6822))"
83,"POLYGON ((-87.81229999999999 41.6822, -87.79340000000001 41.6822, -87.79340000000001 41.6677, -87.81229999999999 41.6677, -87.81229999999999 41.6822))"
84,"POLYGON ((-87.79340000000001 41.6822, -87.77460000000001 41.6822, -87.77460000000001 41.6677, -87.79340000000001 41.6677, -87.79340000000001 41.6822))"
85,"POLYGON ((-87.77460000000001 41.6822, -87.7557 41.6822, -87.7557 41.6677, -87.77460000000001 41.6677, -87.77460000000001 41.6822))"
86,"POLYGON ((-87.7557 41.6822, -87.7368 41.6822, -87.7368 41.6677, -87.7557 41.6677, -87.7557 41.6822))"
87,"POLYGON ((-87.7368 41.6822, -87.718 41.6822, -87.718 41.6677, -87.7368 41.6677, -87.7368 41.6822))"
88,"POLYGON ((-87.718 41.6822, -87.6991 41.6822, -87.6991 41.6677, -87.718 41.6677, -87.718 41.6822))"
89,"POLYGON ((-87.6991 41.6822, -87.6802 41.6822, -87.6802 41.6677, -87.6991 41.6677, -87.6991 41.6822))"
90,"POLYGON ((-87.6802 41.6822, -87.6614 41.6822, -87.6614 41.6677, -87.6802 41.6677, -87.6802 41.6822))"
91,"POLYGON ((-87.6614 41.6822, -87.6425 41.6822, -87.6425 41.6677, -87.6614 41.6677, -87.6614 41.6822))"
92,"POLYGON ((-87.6425 41.6822, -87.6236 41.6822, -87.6236 41.6677, -87.6425 41.6677, -87.6425 41.6822))"
93,"POLYGON ((-87.6236 41.6822, -87.6048 41.6822, -87.6048 41.6677, -87.6236 41.6677, -87.6236 41.6822))"
94,"POLYGON ((-87.6048 41.6822, -87.5859 41.6822, -87.5859 41.6677, -87.6048 41.6677, -87.6048 41.6822))"
95,"POLYGON ((-87.5859 41.6822, -87.56699999999999 41.6822, -87.56699999999999 41.6677, -87.5859 41.6677, -87.5859 41.6822))"
96,"POLYGON ((-87.56699999999999 41.6822, -87.54819999999999 41.6822, -87.54819999999999 41.6677, -87.56699999999999 41.6677, -87.56699999999999 41.6822))"
97,"POLYGON ((-87.54819999999999 41.6822, -87.52930000000001 41.6822, -87.52930000000001 41.6677, -87.54819999999999 41.6677, -87.54819999999999 41.6822))"
98,"POLYGON ((-87.52930000000001 41.6822, -87.5104 41.6822, -87.5104 41.6677, -87.52930000000001 41.6677, -87.52930000000001 41.6822))"
99,"POLYGON ((-87.5104 41.6822, -87.49160000000001 41.6822, -87.49160000000001 41.6677, -87.5104 41.6677, -87.5104 41.6822))"
100,"POLYGON ((-87.49160000000001 41.6822, -87.4727 41.6822, -87.4727 41.6677, -87.49160000000001 41.6677, -87.49160000000001 41.6822))"
101,"POLYGON ((-87.9444 41.6967, -87.9255 41.6967, -87.9255 41.6822, -87.9444 41.6822, -87.9444 41.6967))"
102,"POLYGON ((-87.9255 41.6967, -87.9067 41.6967, -87.9067 41.6822, -87.9255 41.6822, -87.9255 41.6967))"
103,"POLYGON ((-87.9067 41.6967, -87.8878 41.6967, -87.8878 41.6822, -87.9067 41.6822, -87.9067 41.6967))"
104,"POLYGON ((-87.8878 41.6967, -87.8689 41.6967, -87.8689 41.6822, -87.8878 41.6822, -87.8878 41.6967))"
105,"POLYGON ((-87.8689 41.6967, -87.84999999999999 41.6967, -87.84999999999999 41.6822, -87.8689 41.6822, -87.8689 41.6967))"
106,"POLYGON ((-87.84999999999999 41.6967, -87.8312 41.6967, -87.8312 41.6822, -87.84999999999999 41.6822, -87.84999999999999 41.6967))"
107,"POLYGON ((-87.8312 41.6967, -87.81229999999999 41.6967, -87.81229999999999 41.6822, -87.8312 41.6822, -87.8312 41.6967))"
108,"POLYGON ((-87.81229999999999 41.6967, -87.79340000000001 41.6967, -87.79340000000001 41.6822, -87.81229999999999 41.6822, -87.81229999999999 41.6967))"
109,"POLYGON ((-87.79340000000001 41.6967, -87.77460000000001 41.6967, -87.77460000000001 41.6822, -87.79340000000001 41.6822, -87.79340000000001 41.6967))"
110,"POLYGON ((-87.77460000000001 41.6967, -87.7557 41.6967, -87.7557 41.6822, -87.77460000000001 41.6822, -87.77460000000001 41.6967))"
111,"POLYGON ((-87.7557 41.6967, -87.7368 41.6967, -87.7368 41.6822, -87.7557 41.6822, -87.7557 41.6967))"
112,"POLYGON ((-87.7368 41.6967, -87.718 41.6967, -87.718 41.6822, -87.7368 41.6822, -87.7368 41.6967))"
113,"POLYGON ((-87.718 41.6967, -87.6991 41.6967, -87.6991 41.6822, -87.718 41.6822, -87.718 41.6967))"
114,"POLYGON ((-87.6991 41.6967, -87.6802 41.6967, -87.6802 41.6822, -87.6991 41.6822, -87.6991 41.6967))"
115,"POLYGON ((-87.6802 41.6967, -87.6614 41.6967, -87.6614 41.6822, -87.6802 41.6822, -87.6802 41.6967))"
116,"POLYGON ((-87.6614 41.6967, -87.6425 41.6967, -87.6425 41.6822, -87.6614 41.6822, -87.6614 41.6967))"
117,"POLYGON ((-87.6425 41.6967, -87.6236 41.6967, -87.6236 41.6822, -87.6425 41.6822, -87.6425 41.6967))"
118,"POLYGON ((-87.6236 41.6967, -87.6048 41.6967, -87.6048 41.6822, -87.6236 41.6822, -87.6236 41.6967))"
119,"POLYGON ((-87.6048 41.6967, -87.5859 41.6967, -87.5859 41.6822, -87.6048 41.6822, -87.6048 41.6967))"
120,"POLYGON ((-87.5859 41.6967, -87.56699999999999 41.6967, -87.56699999999999 41.6822, -87.5859 41.6822, -87.5859 41.6967))"
121,"POLYGON ((-87.56699999999999 41.6967, -87.54819999999999 41.6967, -87.54819999999999 41.6822, -87.56699999999999 41.6822, -87.56699999999999 41.6967))"
122,"POLYGON ((-87.54819999999999 41.6967, -87.52930000000001 41.6967, -87.52930000000001 41.6822, -87.54819999999999 41.6822, -87.54819999999999 41.6967))"
123,"POLYGON ((-87.52930000000001 41.6967, -87.5104 41.6967, -87.5104 41.6822, -87.52930000000001 41.6822, -87.52930000000001 41.6967))"
124,"POLYGON ((-87.5104 41.6967, -87.49160000000001 41.6967, -87.49160000000001 41.6822, -87.5104 41.6822, -87.5104 41.6967))"
125,"POLYGON ((-87.49160000000001 41.6967, -87.4727 41.6967, -87.4727 41.6822, -87.49160000000001 41.6822, -87.49160000000001 41.6967))"
126,"POLYGON ((-87.9444 41.7112, -87.9255 41.7112, -87.9255 41.6967, -87.9444 41.6967, -87.9444 41.7112))"
127,"POLYGON ((-87.9255 41.7112, -87.9067 41.7112, -87.9067 41.6967, -87.9255 41.6967, -87.9255 41.7112))"
128,"POLYGON ((-87.9067 41.7112, -87.8878 41.7112, -87.8878 41.6967, -87.9067 41.6967, -87.9067 41.7112))"
129,"POLYGON ((-87.8878 41.7112, -87.8689 41.7112, -87.8689 41.6967, -87.8878 41.6967, -87.8878 41.7112))"
130,"POLYGON ((-87.8689 41.7112, -87.84999999999999 41.7112, -87.84999999999999 41.6967, -87.8689 41.6967, -87.8689 41.7112))"
131,"POLYGON ((-87.84999999999999 41.7112, -87.8312 41.7112, -87.8312 41.6967, -87.84999999999999 41.6967, -87.84999999999999 41.7112))"
132,"POLYGON ((-87.8312 41.7112, -87.81229999999999 41.7112, -87.81229999999999 41.6967, -87.8312 41.6967, -87.8312 41.7112))"
133,"POLYGON ((-87.81229999999999 41.7112, -87.79340000000001 41.7112, -87.79340000000001 41.6967, -87.81229999999999 41.6967, -87.81229999999999 41.7112))"
134,"POLYGON ((-87.79340000000001 41.7112, -87.77460000000001 41.7112, -87.77460000000001 41.6967, -87.79340000000001 41.6967, -87.79340000000001 41.7112))"
135,"POLYGON ((-87.77460000000001 41.7112, -87.7557 41.7112, -87.7557 41.6967, -87.77460000000001 41.6967, -87.77460000000001 41.7112))"
136,"POLYGON ((-87.7557 41.7112, -87.7368 41.7112, -87.7368 41.6967, -87.7557 41.6967, -87.7557 41.7112))"
137,"POLYGON ((-87.7368 41.7112, -87.718 41.7112, -87.718 41.6967, -87.7368 41.6967, -87.7368 41.7112))"
138,"POLYGON ((-87.718 41.7112, -87.6991 41.7112, -87.6991 41.6967, -87.718 41.6967, -87.718 41.7112))"
139,"POLYGON ((-87.6991 41.7112, -87.6802 41.7112, -87.6802 41.6967, -87.6991 41.6967, -87.6991 41.7112))"
140,"POLYGON ((-87.6802 41.7112, -87.6614 41.7112, -87.6614 41.6967, -87.6802 41.6967, -87.6802 41.7112))"
141,"POLYGON ((-87.6614 41.7112, -87.6425 41.7112, -87.6425 41.6967, -87.6614 41.6967, -87.6614 41.7112))"
142,"POLYGON ((-87.6425 41.7112, -87.6236 41.7112, -87.6236 41.6967, -87.6425 41.6967, -87.6425 41.7112))"
143,"POLYGON ((-87.6236 41.7112, -87.6048 41.7112, -87.6048 41.6967, -87.6236 41.6967, -87.6236 41.7112))"
144,"POLYGON ((-87.6048 41.7112, -87.5859 41.7112, -87.5859 41.6967, -87.6048 41.6967, -87.6048 41.7112))"
145,"POLYGON ((-87.5859 41.7112, -87.56699999999999 41.7112, -87.56699999999999 41.6967, -87.5859 41.6967, -87.5859 41.7112))"
146,"POLYGON ((-87.56699999999999 41.7112, -87.54819999999999 41.7112, -87.54819999999999 41.6967, -87.56699999999999 41.6967, -87.56699999999999 41.7112))"
147,"POLYGON ((-87.54819999999999 41.7112, -87.52930000000001 41.7112, -87.52930000000001 41.6967, -87.54819999999999 41.6967, -87.54819999999999 41.7112))"
148,"POLYGON ((-87.52930000000001 41.7112, -87.5104 41.7112, -87.5104 41.6967, -87.52930000000001 41.6967, -87.52930000000001 41.7112))"
149,"POLYGON ((-87.5104 41.7112, -87.49160000000001 41.7112, -87.49160000000001 41.6967, -87.5104 41.6967, -87.5104 41.7112))"
150,"POLYGON ((-87.49160000000001 41.7112, -87.4727 41.7112, -87.4727 41.6967, -87.49160000000001 41.6967, -87.49160000000001 41.7112))"
151,"POLYGON ((-87.9444 41.7257, -87.9255 41.7257, -87.9255 41.7112, -87.9444 41.7112, -87.9444 41.7257))"
152,"POLYGON ((-87.9255 41.7257, -87.9067 41.7257, -87.9067 41.7112, -87.9255 41.7112, -87.9255 41.7257))"
153,"POLYGON ((-87.9067 41.7257, -87.8878 41.7257, -87.8878 41.7112, -87.9067 41.7112, -87.9067 41.7257))"
154,"POLYGON ((-87.8878 41.7257, -87.8689 41.7257, -87.8689 41.7112, -87.8878 41.7112, -87.8878 41.7257))"
155,"POLYGON ((-87.8689 41.7257, -87.84999999999999 41.7257, -87.84999999999999 41.7112, -87.8689 41.7112, -87.8689 41.7257))"
156,"POLYGON ((-87.84999999999999 41.7257, -87.8312 41.7257, -87.8312 41.7112, -87.84999999999999 41.7112, -87.84999999999999 41.7257))"
157,"POLYGON ((-87.8312 41.7257, -87.81229999999999 41.7257, -87.81229999999999 41.7112, -87.8312 41.7112, -87.8312 41.7257))"
158,"POLYGON ((-87.81229999999999 41.7257, -87.79340000000001 41.7257, -87.79340000000001 41.7112, -87.81229999999999 41.7112, -87.81229999999999 41.7257))"
159,"POLYGON ((-87.79340000000001 41.7257, -87.77460000000001 41.7257, -87.77460000000001 41.7112, -87.79340000000001 41.7112, -87.79340000000001 41.7257))"
160,"POLYGON ((-87.77460000000001 41.7257, -87.7557 41.7257, -87.7557 41.7112, -87.77460000000001 41.7112, -87.77460000000001 41.7257))"
161,"POLYGON ((-87.7557 41.7257, -87.7368 41.7257, -87.7368 41.7112, -87.7557 41.7112, -87.7557 41.7257))"
162,"POLYGON ((-87.7368 41.7257, -87.718 41.7257, -87.718 41.7112, -87.7368 41.7112, -87.7368 41.7257))"
163,"POLYGON ((-87.718 41.7257, -87.6991 41.7257, -87.6991 41.7112, -87.718 41.7112, -87.718 41.7257))"
164,"POLYGON ((-87.6991 41.7257, -87.6802 41.7257, -87.6802 41.7112, -87.6991 41.7112, -87.6991 41.7257))"
165,"POLYGON ((-87.6802 41.7257, -87.6614 41.7257, -87.6614 41.7112, -87.6802 41.7112, -87.6802 41.7257))"
166,"POLYGON ((-87.6614 41.7257, -87.6425 41.7257, -87.6425 41.7112, -87.6614 41.7112, -87.6614 41.7257))"
167,"POLYGON ((-87.6425 41.7257, -87.6236 41.7257, -87.6236 41.7112, -87.6425 41.7112, -87.6425 41.7257))"
168,"POLYGON ((-87.6236 41.7257, -87.6048 41.7257, -87.6048 41.7112, -87.6236 41.7112, -87.6236 41.7257))"
169,"POLYGON ((-87.6048 41.7257, -87.5859 41.7257, -87.5859 41.7112, -87.6048 41.7112, -87.6048 41.7257))"
170,"POLYGON ((-87.5859 41.7257, -87.56699999999999 41.7257, -87.56699999999999 41.7112, -87.5859 41.7112, -87.5859 41.7257))"
171,"POLYGON ((-87.56699999999999 41.7257, -87.54819999999999 41.7257, -87.54819999999999 41.7112, -87.56699999999999 41.7112, -87.56699999999999 41.7257))"
172,"POLYGON ((-87.54819999999999 41.7257, -87.52930000000001 41.7257, -87.52930000000001 41.7112, -87.54819999999999 41.7112, -87.54819999999999 41.7257))"
173,"POLYGON ((-87.52930000000001 41.7257, -87.5104 41.7257, -87.5104 41.7112, -87.52930000000001 41.7112, -87.52930000000001 41.7257))"
174,"POLYGON ((-87.5104 41.7257, -87.49160000000001 41.7257, -87.49160000000001 41.7112, -87.5104 41.7112, -87.5104 41.7257))"
175,"POLYGON ((-87.49160000000001 41.7257, -87.4727 41.7257, -87.4727 41.7112, -87.49160000000001 41.7112, -87.49160000000001 41.7257))"
176,"POLYGON ((-87.9444 41.7401, -87.9255 41.7401, -87.9255 41.7257, -87.9444 41.7257, -87.9444 41.7401))"
177,"POLYGON ((-87.9255 41.7401, -87.9067 41.7401, -87.9067 41.7257, -87.9255 41.7257, -87.9255 41.7401))"
178,"POLYGON ((-87.9067 41.7401, -87.8878 41.7401, -87.8878 41.7257, -87.9067 41.7257, -87.9067 41.7401))"
179,"POLYGON ((-87.8878 41.7401, -87.8689 41.7401, -87.8689 41.7257, -87.8878 41.7257, -87.8878 41.7401))"
180,"POLYGON ((-87.8689 41.7401, -87.84999999999999 41.7401, -87.84999999999999 41.7257, -87.8689 41.7257, -87.8689 41.7401))"
181,"POLYGON ((-87.84999999999999 41.7401, -87.8312 41.7401, -87.8312 41.7257, -87.84999999999999 41.7257, -87.84999999999999 41.7401))"
182,"POLYGON ((-87.8312 41.7401, -87.81229999999999 41.7401, -87.81229999999999 41.7257, -87.8312 41.7257, -87.8312 41.7401))"
183,"POLYGON ((-87.81229999999999 41.7401, -87.79340000000001 41.7401, -87.79340000000001 41.7257, -87.81229999999999 41.7257, -87.81229999999999 41.7401))"
184,"POLYGON ((-87.79340000000001 41.7401, -87.77460000000001 41.7401, -87.77460000000001 41.7257, -87.79340000000001 41.7257, -87.79340000000001 41.7401))"
185,"POLYGON ((-87.77460000000001 41.7401, -87.7557 41.7401, -87.7557 41.7257, -87.77460000000001 41.7257, -87.77460000000001 41.7401))"
186,"POLYGON ((-87.7557 41.7401, -87.7368 41.7401, -87.7368 41.7257, -87.7557 41.7257, -87.7557 41.7401))"
187,"POLYGON ((-87.7368 41.7401, -87.718 41.7401, -87.718 41.7257, -87.7368 41.7257, -87.7368 41.7401))"
188,"POLYGON ((-87.718 41.7401, -87.6991 41.7401, -87.6991 41.7257, -87.718 41.7257, -87.718 41.7401))"
189,"POLYGON ((-87.6991 41.7401, -87.6802 41.7401, -87.6802 41.7257, -87.6991 41.7257, -87.6991 41.7401))"
190,"POLYGON ((-87.6802 41.7401, -87.6614 41.7401, -87.6614 41.7257, -87.6802 41.7257, -87.6802 41.7401))"
191,"POLYGON ((-87.6614 41.7401, -87.6425 41.7401, -87.6425 41.7257, -87.6614 41.7257, -87.6614 41.7401))"
192,"POLYGON ((-87.6425 41.7401, -87.6236 41.7401, -87.6236 41.7257, -87.6425 41.7257, -87.6425 41.7401))"
193,"POLYGON ((-87.6236 41.7401, -87.6048 41.7401, -87.6048 41.7257, -87.6236 41.7257, -87.6236 41.7401))"
194,"POLYGON ((-87.6048 41.7401, -87.5859 41.7401, -87.5859 41.7257, -87.6048 41.7257, -87.6048 41.7401))"
195,"POLYGON ((-87.5859 41.7401, -87.56699999999999 41.7401, -87.56699999999999 41.7257, -87.5859 41.7257, -87.5859 41.7401))"
196,"POLYGON ((-87.56699999999999 41.7401, -87.54819999999999 41.7401, -87.54819999999999 41.7257, -87.56699999999999 41.7257, -87.56699999999999 41.7401))"
197,"POLYGON ((-87.54819999999999 41.7401, -87.52930000000001 41.7401, -87.52930000000001 41.7257, -87.54819999999999 41.7257, -87.54819999999999 41.7401))"
198,"POLYGON ((-87.52930000000001 41.7401, -87.5104 41.7401, -87.5104 41.7257, -87.52930000000001 41.7257, -87.52930000000001 41.7401))"
199,"POLYGON ((-87.5104 41.7401, -87.49160000000001 41.7401, -87.49160000000001 41.7257, -87.5104 41.7257, -87.5104 41.7401))"
200,"POLYGON ((-87.49160000000001 41.7401, -87.4727 41.7401, -87.4727 41.7257, -87.49160000000001 41.7257, -87.49160000000001 41.7401))"
201,"POLYGON ((-87.9444 41.7546, -87.9255 41.7546, -87.9255 41.7401, -87.9444 41.7401, -87.9444 41.7546))"
202,"POLYGON ((-87.9255 41.7546, -87.9067 41.7546, -87.9067 41.7401, -87.9255 41.7401, -87.9255 41.7546))"
203,"POLYGON ((-87.9067 41.7546, -87.8878 41.7546, -87.8878 41.7401, -87.9067 41.7401, -87.9067 41.7546))"
204,"POLYGON ((-87.8878 41.7546, -87.8689 41.7546, -87.8689 41.7401, -87.8878 41.7401, -87.8878 41.7546))"
205,"POLYGON ((-87.8689 41.7546, -87.84999999999999 41.7546, -87.84999999999999 41.7401, -87.8689 41.7401, -87.8689 41.7546))"
206,"POLYGON ((-87.84999999999999 41.7546, -87.8312 41.7546, -87.8312 41.7401, -87.84999999999999 41.7401, -87.84999999999999 41.7546))"
207,"POLYGON ((-87.8312 41.7546, -87.81229999999999 41.7546, -87.81229999999999 41.7401, -87.8312 41.7401, -87.8312 41.7546))"
208,"POLYGON ((-87.81229999999999 41.7546, -87.79340000000001 41.7546, -87.79340000000001 41.7401, -87.81229999999999 41.7401, -87.81229999999999 41.7546))"
209,"POLYGON ((-87.79340000000001 41.7546, -87.77460000000001 41.7546, -87.77460000000001 41.7401, -87.79340000000001 41.7401, -87.79340000000001 41.7546))"
210,"POLYGON ((-87.77460000000001 41.7546, -87.7557 41.7546, -87.7557 41.7401, -87.77460000000001 41.7401, -87.77460000000001 41.7546))"
211,"POLYGON ((-87.7557 41.7546, -87.7368 41.7546, -87.7368 41.7401, -87.7557 41.7401, -87.7557 41.7546))"
212,"POLYGON ((-87.7368 41.7546, -87.718 41.7546, -87.718 41.7401, -87.7368 41.7401, -87.7368 41.7546))"
213,"POLYGON ((-87.718 41.7546, -87.6991 41.7546, -87.6991 41.7401, -87.718 41.7401, -87.718 41.7546))"
214,"POLYGON ((-87.6991 41.7546, -87.6802 41.7546, -87.6802 41.7401, -87.6991 41.7401, -87.6991 41.7546))"
215,"POLYGON ((-87.6802 41.7546, -87.6614 41.7546, -87.6614 41.7401, -87.6802 41.7401, -87.6802 41.7546))"
216,"POLYGON ((-87.6614 41.7546, -87.6425 41.7546, -87.6425 41.7401, -87.6614 41.7401, -87.6614 41.7546))"
217,"POLYGON ((-87.6425 41.7546, -87.6236 41.7546, -87.6236 41.7401, -87.6425 41.7401, -87.6425 41.7546))"
218,"POLYGON ((-87.6236 41.7546, -87.6048 41.7546, -87.6048 41.7401, -87.6236 41.7401, -87.6236 41.7546))"
219,"POLYGON ((-87.6048 41.7546, -87.5859 41.7546, -87.5859 41.7401, -87.6048 41.7401, -87.6048 41.7546))"
220,"POLYGON ((-87.5859 41.7546, -87.56699999999999 41.7546, -87.56699999999999 41.7401, -87.5859 41.7401, -87.5859 41.7546))"
221,"POLYGON ((-87.56699999999999 41.7546, -87.54819999999999 41.7546, -87.54819999999999 41.7401, -87.56699999999999 41.7401, -87.56699999999999 41.7546))"
222,"POLYGON ((-87.54819999999999 41.7546, -87.52930000000001 41.7546, -87.52930000000001 41.7401, -87.54819999999999 41.7401, -87.54819999999999 41.7546))"
223,"POLYGON ((-87.52930000000001 41.7546, -87.5104 41.7546, -87.5104 41.7401, -87.52930000000001 41.7401, -87.52930000000001 41.7546))"
224,"POLYGON ((-87.5104 41.7546, -87.49160000000001 41.7546, -87.49160000000001 41.7401, -87.5104 41.7401, -87.5104 41.7546))"
225,"POLYGON ((-87.49160000000001 41.7546, -87.4727 41.7546, -87.4727 41.7401, -87.49160000000001 41.7401, -87.49160000000001 41.7546))"
226,"POLYGON ((-87.9444 41.7691, -87.9255 41.7691, -87.9255 41.7546, -87.9444 41.7546, -87.9444 41.7691))"
227,"POLYGON ((-87.9255 41.7691, -87.9067 41.7691, -87.9067 41.7546, -87.9255 41.7546, -87.9255 41.7691))"
228,"POLYGON ((-87.9067 41.7691, -87.8878 41.7691, -87.8878 41.7546, -87.9067 41.7546, -87.9067 41.7691))"
229,"POLYGON ((-87.8878 41.7691, -87.8689 41.7691, -87.8689 41.7546, -87.8878 41.7546, -87.8878 41.7691))"
230,"POLYGON ((-87.8689 41.7691, -87.84999999999999 41.7691, -87.84999999999999 41.7546, -87.8689 41.7546, -87.8689 41.7691))"
231,"POLYGON ((-87.84999999999999 41.7691, -87.8312 41.7691, -87.8312 41.7546, -87.84999999999999 41.7546, -87.84999999999999 41.7691))"
232,"POLYGON ((-87.8312 41.7691, -87.81229999999999 41.7691, -87.81229999999999 41.7546, -87.8312 41.7546, -87.8312 41.7691))"
233,"POLYGON ((-87.81229999999999 41.7691, -87.79340000000001 41.7691, -87.79340000000001 41.7546, -87.81229999999999 41.7546, -87.81229999999999 41.7691))"
234,"POLYGON ((-87.79340000000001 41.7691, -87.77460000000001 41.7691, -87.77460000000001 41.7546, -87.79340000000001 41.7546, -87.79340000000001 41.7691))"
235,"POLYGON ((-87.77460000000001 41.7691, -87.7557 41.7691, -87.7557 41.7546, -87.77460000000001 41.7546, -87.77460000000001 41.7691))"
236,"POLYGON ((-87.7557 41.7691, -87.7368 41.7691, -87.7368 41.7546, -87.7557 41.7546, -87.7557 41.7691))"
237,"POLYGON ((-87.7368 41.7691, -87.718 41.7691, -87.718 41.7546, -87.7368 41.7546, -87.7368 41.7691))"
238,"POLYGON ((-87.718 41.7691, -87.6991 41.7691, -87.6991 41.7546, -87.718 41.7546, -87.718 41.7691))"
239,"POLYGON ((-87.6991 41.7691, -87.6802 41.7691, -87.6802 41.7546, -87.6991 41.7546, -87.6991 41.7691))"
240,"POLYGON ((-87.6802 41.7691, -87.6614 41.7691, -87.6614 41.7546, -87.6802 41.7546, -87.6802 41.7691))"
241,"POLYGON ((-87.6614 41.7691, -87.6425 41.7691, -87.6425 41.7546, -87.6614 41.7546, -87.6614 41.7691))"
242,"POLYGON ((-87.6425 41.7691, -87.6236 41.7691, -87.6236 41.7546, -87.6425 41.7546, -87.6425 41.7691))"
243,"POLYGON ((-87.6236 41.7691, -87.6048 41.7691, -87.6048 41.7546, -87.6236 41.7546, -87.6236 41.7691))"
244,"POLYGON ((-87.6048 41.7691, -87.5859 41.7691, -87.5859 41.7546, -87.6048 41.7546, -87.6048 41.7691))"
245,"POLYGON ((-87.5859 41.7691, -87.56699999999999 41.7691, -87.56699999999999 41.7546, -87.5859 41.7546, -87.5859 41.7691))"
246,"POLYGON ((-87.56699999999999 41.7691, -87.54819999999999 41.7691, -87.54819999999999 41.7546, -87.56699999999999 41.7546, -87.56699999999999 41.7691))"
247,"POLYGON ((-87.54819999999999 41.7691, -87.52930000000001 41.7691, -87.52930000000001 41.7546, -87.54819999999999 41.7546, -87.54819999999999 41.7691))"
248,"POLYGON ((-87.52930000000001 41.7691, -87.5104 41.7691, -87.5104 41.7546, -87.52930000000001 41.7546, -87.52930000000001 41.7691))"
249,"POLYGON ((-87.5104 41.7691, -87.49160000000001 41.7691, -87.49160000000001 41.7546, -87.5104 41.7546, -87.5104 41.7691))"
250,"POLYGON ((-87.49160000000001 41.7691, -87.4727 41.7691, -87.4727 41.7546, -87.49160000000001 41.7546, -87.49160000000001 41.7691))"
251,"POLYGON ((-87.9444 41.7836, -87.9255 41.7836, -87.9255 41.7691, -87.9444 41.7691, -87.9444 41.7836))"
252,"POLYGON ((-87.9255 41.7836, -87.9067 41.7836, -87.9067 41.7691, -87.9255 41.7691, -87.9255 41.7836))"
253,"POLYGON ((-87.9067 41.7836, -87.8878 41.7836, -87.8878 41.7691, -87.9067 41.7691, -87.9067 41.7836))"
254,"POLYGON ((-87.8878 41.7836, -87.8689 41.7836, -87.8689 41.7691, -87.8878 41.7691, -87.8878 41.7836))"
255,"POLYGON ((-87.8689 41.7836, -87.84999999999999 41.7836, -87.84999999999999 41.7691, -87.8689 41.7691, -87.8689 41.7836))"
256,"POLYGON ((-87.84999999999999 41.7836, -87.8312 41.7836, -87.8312 41.7691, -87.84999999999999 41.7691, -87.84999999999999 41.7836))"
257,"POLYGON ((-87.8312 41.7836, -87.81229999999999 41.7836, -87.81229999999999 41.7691, -87.8312 41.7691, -87.8312 41.7836))"
258,"POLYGON ((-87.81229999999999 41.7836, -87.79340000000001 41.7836, -87.79340000000001 41.7691, -87.81229999999999 41.7691, -87.81229999999999 41.7836))"
259,"POLYGON ((-87.79340000000001 41.7836, -87.77460000000001 41.7836, -87.77460000000001 41.7691, -87.79340000000001 41.7691, -87.79340000000001 41.7836))"
260,"POLYGON ((-87.77460000000001 41.7836, -87.7557 41.7836, -87.7557 41.7691, -87.77460000000001 41.7691, -87.77460000000001 41.7836))"
261,"POLYGON ((-87.7557 41.7836, -87.7368 41.7836, -87.7368 41.7691, -87.7557 41.7691, -87.7557 41.7836))"
262,"POLYGON ((-87.7368 41.7836, -87.718 41.7836, -87.718 41.7691, -87.7368 41.7691, -87.7368 41.7836))"
263,"POLYGON ((-87.718 41.7836, -87.6991 41.7836, -87.6991 41.7691, -87.718 41.7691, -87.718 41.7836))"
264,"POLYGON ((-87.6991 41.7836, -87.6802 41.7836, -87.6802 41.7691, -87.6991 41.7691, -87.6991 41.7836))"
265,"POLYGON ((-87.6802 41.7836, -87.6614 41.7836, -87.6614 41.7691, -87.6802 41.7691, -87.6802 41.7836))"
266,"POLYGON ((-87.6614 41.7836, -87.6425 41.7836, -87.6425 41.7691, -87.6614 41.7691, -87.6614 41.7836))"
267,"POLYGON ((-87.6425 41.7836, -87.6236 41.7836, -87.6236 41.7691, -87.6425 41.7691, -87.6425 41.7836))"
268,"POLYGON ((-87.6236 41.7836, -87.6048 41.7836, -87.6048 41.7691, -87.6236 41.7691, -87.6236 41.7836))"
269,"POLYGON ((-87.6048 41.7836, -87.5859 41.7836, -87.5859 41.7691, -87.6048 41.7691, -87.6048 41.7836))"
270,"POLYGON ((-87.5859 41.7836, -87.56699999999999 41.7836, -87.56699999999999 41.7691, -87.5859 41.7691, -87.5859 41.7836))"
271,"POLYGON ((-87.56699999999999 41.7836, -87.54819999999999 41.7836, -87.54819999999999 41.7691, -87.56699999999999 41.7691, -87.56699999999999 41.7836))"
272,"POLYGON ((-87.54819999999999 41.7836, -87.52930000000001 41.7836, -87.52930000000001 41.7691, -87.54819999999999 41.7691, -87.54819999999999 41.7836))"
273,"POLYGON ((-87.52930000000001 41.7836, -87.5104 41.7836, -87.5104 41.7691, -87.52930000000001 41.7691, -87.52930000000001 41.7836))"
274,"POLYGON ((-87.5104 41.7836, -87.49160000000001 41.7836, -87.49160000000001 41.7691, -87.5104 41.7691, -87.5104 41.7836))"
275,"POLYGON ((-87.49160000000001 41.7836, -87.4727 41.7836, -87.4727 41.7691, -87.49160000000001 41.7691, -87.49160000000001 41.7836))"
276,"POLYGON ((-87.9444 41.7981, -87.9255 41.7981, -87.9255 41.7836, -87.9444 41.7836, -87.9444 41.7981))"
277,"POLYGON ((-87.9255 41.7981, -87.9067 41.7981, -87.9067 41.7836, -87.9255 41.7836, -87.9255 41.7981))"
278,"POLYGON ((-87.9067 41.7981, -87.8878 41.7981, -87.8878 41.7836, -87.9067 41.7836, -87.9067 41.7981))"
279,"POLYGON ((-87.8878 41.7981, -87.8689 41.7981, -87.8689 41.7836, -87.8878 41.7836, -87.8878 41.7981))"
280,"POLYGON ((-87.8689 41.7981, -87.84999999999999 41.7981, -87.84999999999999 41.7836, -87.8689 41.7836, -87.8689 41.7981))"
281,"POLYGON ((-87.84999999999999 41.7981, -87.8312 41.7981, -87.8312 41.7836, -87.84999999999999 41.7836, -87.84999999999999 41.7981))"
282,"POLYGON ((-87.8312 41.7981, -87.81229999999999 41.7981, -87.81229999999999 41.7836, -87.8312 41.7836, -87.8312 41.7981))"
283,"POLYGON ((-87.81229999999999 41.7981, -87.79340000000001 41.7981, -87.79340000000001 41.7836, -87.81229999999999 41.7836, -87.81229999999999 41.7981))"
284,"POLYGON ((-87.79340000000001 41.7981, -87.77460000000001 41.7981, -87.77460000000001 41.7836, -87.79340000000001 41.7836, -87.79340000000001 41.7981))"
285,"POLYGON ((-87.77460000000001 41.7981, -87.7557 41.7981, -87.7557 41.7836, -87.77460000000001 41.7836, -87.77460000000001 41.7981))"
286,"POLYGON ((-87.7557 41.7981, -87.7368 41.7981, -87.7368 41.7836, -87.7557 41.7836, -87.7557 41.7981))"
287,"POLYGON ((-87.7368 41.7981, -87.718 41.7981, -87.718 41.7836, -87.7368 41.7836, -87.7368 41.7981))"
288,"POLYGON ((-87.718 41.7981, -87.6991 41.7981, -87.6991 41.7836, -87.718 41.7836, -87.718 41.7981))"
289,"POLYGON ((-87.6991 41.7981, -87.6802 41.7981, -87.6802 41.7836, -87.6991 41.7836, -87.6991 41.7981))"
290,"POLYGON ((-87.6802 41.7981, -87.6614 41.7981, -87.6614 41.7836, -87.6802 41.7836, -87.6802 41.7981))"
291,"POLYGON ((-87.6614 41.7981, -87.6425 41.7981, -87.6425 41.7836, -87.6614 41.7836, -87.6614 41.7981))"
292,"POLYGON ((-87.6425 41.7981, -87.6236 41.7981, -87.6236 41.7836, -87.6425 41.7836, -87.6425 41.7981))"
293,"POLYGON ((-87.6236 41.7981, -87.6048 41.7981, -87.6048 41.7836, -87.6236 41.7836, -87.6236 41.7981))"
294,"POLYGON ((-87.6048 41.7981, -87.5859 41.7981, -87.5859 41.7836, -87.6048 41.7836, -87.6048 41.7981))"
295,"POLYGON ((-87.5859 41.7981, -87.56699999999999 41.7981, -87.56699999999999 41.7836, -87.5859 41.7836, -87.5859 41.7981))"
296,"POLYGON ((-87.56699999999999 41.7981, -87.54819999999999 41.7981, -87.54819999999999 41.7836, -87.56699999999999 41.7836, -87.56699999999999 41.7981))"
297,"POLYGON ((-87.54819999999999 41.7981, -87.52930000000001 41.7981, -87.52930000000001 41.7836, -87.54819999999999 41.7836, -87.54819999999999 41.7981))"
298,"POLYGON ((-87.52930000000001 41.7981, -87.5104 41.7981, -87.5104 41.7836, -87.52930000000001 41.7836, -87.52930000000001 41.7981))"
299,"POLYGON ((-87.5104 41.7981, -87.49160000000001 41.7981, -87.49160000000001 41.7836, -87.5104 41.7836, -87.5104 41.7981))"
300,"POLYGON ((-87.49160000000001 41.7981, -87.4727 41.7981, -87.4727 41.7836, -87.49160000000001 41.7836, -87.49160000000001 41.7981))"
301,"POLYGON ((-87.9444 41.8126, -87.9255 41.8126, -87.9255 41.7981, -87.9444 41.7981, -87.9444 41.8126))"
302,"POLYGON ((-87.9255 41.8126, -87.9067 41.8126, -87.9067 41.7981, -87.9255 41.7981, -87.9255 41.8126))"
303,"POLYGON ((-87.9067 41.8126, -87.8878 41.8126, -87.8878 41.7981, -87.9067 41.7981, -87.9067 41.8126))"
304,"POLYGON ((-87.8878 41.8126, -87.8689 41.8126, -87.8689 41.7981, -87.8878 41.7981, -87.8878 41.8126))"
305,"POLYGON ((-87.8689 41.8126, -87.84999999999999 41.8126, -87.84999999999999 41.7981, -87.8689 41.7981, -87.8689 41.8126))"
306,"POLYGON ((-87.84999999999999 41.8126, -87.8312 41.8126, -87.8312 41.7981, -87.84999999999999 41.7981, -87.84999999999999 41.8126))"
307,"POLYGON ((-87.8312 41.8126, -87.81229999999999 41.8126, -87.81229999999999 41.7981, -87.8312 41.7981, -87.8312 41.8126))"
308,"POLYGON ((-87.81229999999999 41.8126, -87.79340000000001 41.8126, -87.79340000000001 41.7981, -87.81229999999999 41.7981, -87.81229999999999 41.8126))"
309,"POLYGON ((-87.79340000000001 41.8126, -87.77460000000001 41.8126, -87.77460000000001 41.7981, -87.79340000000001 41.7981, -87.79340000000001 41.8126))"
310,"POLYGON ((-87.77460000000001 41.8126, -87.7557 41.8126, -87.7557 41.7981, -87.77460000000001 41.7981, -87.77460000000001 41.8126))"
311,"POLYGON ((-87.7557 41.8126, -87.7368 41.8126, -87.7368 41.7981, -87.7557 41.7981, -87.7557 41.8126))"
312,"POLYGON ((-87.7368 41.8126, -87.718 41.8126, -87.718 41.7981, -87.7368 41.7981, -87.7368 41.8126))"
313,"POLYGON ((-87.718 41.8126, -87.6991 41.8126, -87.6991 41.7981, -87.718 41.7981, -87.718 41.8126))"
314,"POLYGON ((-87.6991 41.8126, -87.6802 41.8126, -87.6802 41.7981, -87.6991 41.7981, -87.6991 41.8126))"
315,"POLYGON ((-87.6802 41.8126, -87.6614 41.8126, -87.6614 41.7981, -87.6802 41.7981, -87.6802 41.8126))"
316,"POLYGON ((-87.6614 41.8126, -87.6425 41.8126, -87.6425 41.7981, -87.6614 41.7981, -87.6614 41.8126))"
317,"POLYGON ((-87.6425 41.8126, -87.6236 41.8126, -87.6236 41.7981, -87.6425 41.7981, -87.6425 41.8126))"
318,"POLYGON ((-87.6236 41.8126, -87.6048 41.8126, -87.6048 41.7981, -87.6236 41.7981, -87.6236 41.8126))"
319,"POLYGON ((-87.6048 41.8126, -87.5859 41.8126, -87.5859 41.7981, -87.6048 41.7981, -87.6048 41.8126))"
320,"POLYGON ((-87.5859 41.8126, -87.56699999999999 41.8126, -87.56699999999999 41.7981, -87.5859 41.7981, -87.5859 41.8126))"
321,"POLYGON ((-87.56699999999999 41.8126, -87.54819999999999 41.8126, -87.54819999999999 41.7981, -87.56699999999999 41.7981, -87.56699999999999 41.8126))"
322,"POLYGON ((-87.54819999999999 41.8126, -87.52930000000001 41.8126, -87.52930000000001 41.7981, -87.54819999999999 41.7981, -87.54819999999999 41.8126))"
323,"POLYGON ((-87.52930000000001 41.8126, -87.5104 41.8126, -87.5104 41.7981, -87.52930000000001 41.7981, -87.52930000000001 41.8126))"
324,"POLYGON ((-87.5104 41.8126, -87.49160000000001 41.8126, -87.49160000000001 41.7981, -87.5104 41.7981, -87.5104 41.8126))"
325,"POLYGON ((-87.49160000000001 41.8126, -87.4727 41.8126, -87.4727 41.7981, -87.49160000000001 41.7981, -87.49160000000001 41.8126))"
326,"POLYGON ((-87.9444 41.8271, -87.9255 41.8271, -87.9255 41.8126, -87.9444 41.8126, -87.9444 41.8271))"
327,"POLYGON ((-87.9255 41.8271, -87.9067 41.8271, -87.9067 41.8126, -87.9255 41.8126, -87.9255 41.8271))"
328,"POLYGON ((-87.9067 41.8271, -87.8878 41.8271, -87.8878 41.8126, -87.9067 41.8126, -87.9067 41.8271))"
329,"POLYGON ((-87.8878 41.8271, -87.8689 41.8271, -87.8689 41.8126, -87.8878 41.8126, -87.8878 41.8271))"
330,"POLYGON ((-87.8689 41.8271, -87.84999999999999 41.8271, -87.84999999999999 41.8126, -87.8689 41.8126, -87.8689 41.8271))"
331,"POLYGON ((-87.84999999999999 41.8271, -87.8312 41.8271, -87.8312 41.8126, -87.84999999999999 41.8126, -87.84999999999999 41.8271))"
332,"POLYGON ((-87.8312 41.8271, -87.81229999999999 41.8271, -87.81229999999999 41.8126, -87.8312 41.8126, -87.8312 41.8271))"
333,"POLYGON ((-87.81229999999999 41.8271, -87.79340000000001 41.8271, -87.79340000000001 41.8126, -87.81229999999999 41.8126, -87.81229999999999 41.8271))"
334,"POLYGON ((-87.79340000000001 41.8271, -87.77460000000001 41.8271, -87.77460000000001 41.8126, -87.79340000000001 41.8126, -87.79340000000001 41.8271))"
335,"POLYGON ((-87.77460000000001 41.8271, -87.7557 41.8271, -87.7557 41.8126, -87.77460000000001 41.8126, -87.77460000000001 41.8271))"
336,"POLYGON ((-87.7557 41.8271, -87.7368 41.8271, -87.7368 41.8126, -87.7557 41.8126, -87.7557 41.8271))"
337,"POLYGON ((-87.7368 41.8271, -87.718 41.8271, -87.718 41.8126, -87.7368 41.8126, -87.7368 41.8271))"
338,"POLYGON ((-87.718 41.8271, -87.6991 41.8271, -87.6991 41.8126, -87.718 41.8126, -87.718 41.8271))"
339,"POLYGON ((-87.6991 41.8271, -87.6802 41.8271, -87.6802 41.8126, -87.6991 41.8126, -87.6991 41.8271))"
340,"POLYGON ((-87.6802 41.8271, -87.6614 41.8271, -87.6614 41.8126, -87.6802 41.8126, -87.6802 41.8271))"
341,"POLYGON ((-87.6614 41.8271, -87.6425 41.8271, -87.6425 41.8126, -87.6614 41.8126, -87.6614 41.8271))"
342,"POLYGON ((-87.6425 41.8271, -87.6236 41.8271, -87.6236 41.8126, -87.6425 41.8126, -87.6425 41.8271))"
343,"POLYGON ((-87.6236 41.8271, -87.6048 41.8271, -87.6048 41.8126, -87.6236 41.8126, -87.6236 41.8271))"
344,"POLYGON ((-87.6048 41.8271, -87.5859 41.8271, -87.5859 41.8126, -87.6048 41.8126, -87.6048 41.8271))"
345,"POLYGON ((-87.5859 41.8271, -87.56699999999999 41.8271, -87.56699999999999 41.8126, -87.5859 41.8126, -87.5859 41.8271))"
346,"POLYGON ((-87.56699999999999 41.8271, -87.54819999999999 41.8271, -87.54819999999999 41.8126, -87.56699999999999 41.8126, -87.56699999999999 41.8271))"
347,"POLYGON ((-87.54819999999999 41.8271, -87.52930000000001 41.8271, -87.52930000000001 41.8126, -87.54819999999999 41.8126, -87.54819999999999 41.8271))"
348,"POLYGON ((-87.52930000000001 41.8271, -87.5104 41.8271, -87.5104 41.8126, -87.52930000000001 41.8126, -87.52930000000001 41.8271))"
349,"POLYGON ((-87.5104 41.8271, -87.49160000000001 41.8271, -87.49160000000001 41.8126, -87.5104 41.8126, -87.5104 41.8271))"
350,"POLYGON ((-87.49160000000001 41.8271, -87.4727 41.8271, -87.4727 41.8126, -87.49160000000001 41.8126, -87.49160000000001 41.8271))"
351,"POLYGON ((-87.9444 41.8416, -87.9255 41.8416, -87.9255 41.8271, -87.9444 41.8271, -87.9444 41.8416))"
352,"POLYGON ((-87.9255 41.8416, -87.9067 41.8416, -87.9067 41.8271, -87.9255 41.8271, -87.9255 41.8416))"
353,"POLYGON ((-87.9067 41.8416, -87.8878 41.8416, -87.8878 41.8271, -87.9067 41.8271, -87.9067 41.8416))"
354,"POLYGON ((-87.8878 41.8416, -87.8689 41.8416, -87.8689 41.8271, -87.8878 41.8271, -87.8878 41.8416))"
355,"POLYGON ((-87.8689 41.8416, -87.84999999999999 41.8416, -87.84999999999999 41.8271, -87.8689 41.8271, -87.8689 41.8416))"
356,"POLYGON ((-87.84999999999999 41.8416, -87.8312 41.8416, -87.8312 41.8271, -87.84999999999999 41.8271, -87.84999999999999 41.8416))"
357,"POLYGON ((-87.8312 41.8416, -87.81229999999999 41.8416, -87.81229999999999 41.8271, -87.8312 41.8271, -87.8312 41.8416))"
358,"POLYGON ((-87.81229999999999 41.8416, -87.79340000000001 41.8416, -87.79340000000001 41.8271, -87.81229999999999 41.8271, -87.81229999999999 41.8416))"
359,"POLYGON ((-87.79340000000001 41.8416, -87.77460000000001 41.8416, -87.77460000000001 41.8271, -87.79340000000001 41.8271, -87.79340000000001 41.8416))"
360,"POLYGON ((-87.77460000000001 41.8416, -87.7557 41.8416, -87.7557 41.8271, -87.77460000000001 41.8271, -87.77460000000001 41.8416))"
361,"POLYGON ((-87.7557 41.8416, -87.7368 41.8416, -87.7368 41.8271, -87.7557 41.8271, -87.7557 41.8416))"
362,"POLYGON ((-87.7368 41.8416, -87.718 41.8416, -87.718 41.8271, -87.7368 41.8271, -87.7368 41.8416))"
363,"POLYGON ((-87.718 41.8416, -87.6991 41.8416, -87.6991 41.8271, -87.718 41.8271, -87.718 41.8416))"
364,"POLYGON ((-87.6991 41.8416, -87.6802 41.8416, -87.6802 41.8271, -87.6991 41.8271, -87.6991 41.8416))"
365,"POLYGON ((-87.6802 41.8416, -87.6614 41.8416, -87.6614 41.8271, -87.6802 41.8271, -87.6802 41.8416))"
366,"POLYGON ((-87.6614 41.8416, -87.6425 41.8416, -87.6425 41.8271, -87.6614 41.8271, -87.6614 41.8416))"
367,"POLYGON ((-87.6425 41.8416, -87.6236 41.8416, -87.6236 41.8271, -87.6425 41.8271, -87.6425 41.8416))"
368,"POLYGON ((-87.6236 41.8416, -87.6048 41.8416, -87.6048 41.8271, -87.6236 41.8271, -87.6236 41.8416))"
369,"POLYGON ((-87.6048 41.8416, -87.5859 41.8416, -87.5859 41.8271, -87.6048 41.8271, -87.6048 41.8416))"
370,"POLYGON ((-87.5859 41.8416, -87.56699999999999 41.8416, -87.56699999999999 41.8271, -87.5859 41.8271, -87.5859 41.8416))"
371,"POLYGON ((-87.56699999999999 41.8416, -87.54819999999999 41.8416, -87.54819999999999 41.8271, -87.56699999999999 41.8271, -87.56699999999999 41.8416))"
372,"POLYGON ((-87.54819999999999 41.8416, -87.52930000000001 41.8416, -87.52930000000001 41.8271, -87.54819999999999 41.8271, -87.54819999999999 41.8416))"
373,"POLYGON ((-87.52930000000001 41.8416, -87.5104 41.8416, -87.5104 41.8271, -87.52930000000001 41.8271, -87.52930000000001 41.8416))"
374,"POLYGON ((-87.5104 41.8416, -87.49160000000001 41.8416, -87.49160000000001 41.8271, -87.5104 41.8271, -87.5104 41.8416))"
375,"POLYGON ((-87.49160000000001 41.8416, -87.4727 41.8416, -87.4727 41.8271, -87.49160000000001 41.8271, -87.49160000000001 41.8416))"
376,"POLYGON ((-87.9444 41.8561, -87.9255 41.8561, -87.9255 41.8416, -87.9444 41.8416, -87.9444 41.8561))"
377,"POLYGON ((-87.9255 41.8561, -87.9067 41.8561, -87.9067 41.8416, -87.9255 41.8416, -87.9255 41.8561))"
378,"POLYGON ((-87.9067 41.8561, -87.8878 41.8561, -87.8878 41.8416, -87.9067 41.8416, -87.9067 41.8561))"
379,"POLYGON ((-87.8878 41.8561, -87.8689 41.8561, -87.8689 41.8416, -87.8878 41.8416, -87.8878 41.8561))"
380,"POLYGON ((-87.8689 41.8561, -87.84999999999999 41.8561, -87.84999999999999 41.8416, -87.8689 41.8416, -87.8689 41.8561))"
381,"POLYGON ((-87.84999999999999 41.8561, -87.8312 41.8561, -87.8312 41.8416, -87.84999999999999 41.8416, -87.84999999999999 41.8561))"
382,"POLYGON ((-87.8312 41.8561, -87.81229999999999 41.8561, -87.81229999999999 41.8416, -87.8312 41.8416, -87.8312 41.8561))"
383,"POLYGON ((-87.81229999999999 41.8561, -87.79340000000001 41.8561, -87.79340000000001 41.8416, -87.81229999999999 41.8416, -87.81229999999999 41.8561))"
384,"POLYGON ((-87.79340000000001 41.8561, -87.77460000000001 41.8561, -87.77460000000001 41.8416, -87.79340000000001 41.8416, -87.79340000000001 41.8561))"
385,"POLYGON ((-87.77460000000001 41.8561, -87.7557 41.8561, -87.7557 41.8416, -87.77460000000001 41.8416, -87.77460000000001 41.8561))"
386,"POLYGON ((-87.7557 41.8561, -87.7368 41.8561, -87.7368 41.8416, -87.7557 41.8416, -87.7557 41.8561))"
387,"POLYGON ((-87.7368 41.8561, -87.718 41.8561, -87.718 41.8416, -87.7368 41.8416, -87.7368 41.8561))"
388,"POLYGON ((-87.718 41.8561, -87.6991 41.8561, -87.6991 41.8416, -87.718 41.8416, -87.718 41.8561))"
389,"POLYGON ((-87.6991 41.8561, -87.6802 41.8561, -87.6802 41.8416, -87.6991 41.8416, -87.6991 41.8561))"
390,"POLYGON ((-87.6802 41.8561, -87.6614 41.8561, -87.6614 41.8416, -87.6802 41.8416, -87.6802 41.8561))"
391,"POLYGON ((-87.6614 41.8561, -87.6425 41.8561, -87.6425 41.8416, -87.6614 41.8416, -87.6614 41.8561))"
392,"POLYGON ((-87.6425 41.8561, -87.6236 41.8561, -87.6236 41.8416, -87.6425 41.8416, -87.6425 41.8561))"
393,"POLYGON ((-87.6236 41.8561, -87.6048 41.8561, -87.6048 41.8416, -87.6236 41.8416, -87.6236 41.8561))"
394,"POLYGON ((-87.6048 41.8561, -87.5859 41.8561, -87.5859 41.8416, -87.6048 41.8416, -87.6048 41.8561))"
395,"POLYGON ((-87.5859 41.8561, -87.56699999999999 41.8561, -87.56699999999999 41.8416, -87.5859 41.8416, -87.5859 41.8561))"
396,"POLYGON ((-87.56699999999999 41.8561, -87.54819999999999 41.8561, -87.54819999999999 41.8416, -87.56699999999999 41.8416, -87.56699999999999 41.8561))"
397,"POLYGON ((-87.54819999999999 41.8561, -87.52930000000001 41.8561, -87.52930000000001 41.8416, -87.54819999999999 41.8416, -87.54819999999999 41.8561))"
398,"POLYGON ((-87.52930000000001 41.8561, -87.5104 41.8561, -87.5104 41.8416, -87.52930000000001 41.8416, -87.52930000000001 41.8561))"
399,"POLYGON ((-87.5104 41.8561, -87.49160000000001 41.8561, -87.49160000000001 41.8416, -87.5104 41.8416, -87.5104 41.8561))"
400,"POLYGON ((-87.49160000000001 41.8561, -87.4727 41.8561, -87.4727 41.8416, -87.49160000000001 41.8416, -87.49160000000001 41.8561))"
401,"POLYGON ((-87.9444 41.8706, -87.9255 41.8706, -87.9255 41.8561, -87.9444 41.8561, -87.9444 41.8706))"
402,"POLYGON ((-87.9255 41.8706, -87.9067 41.8706, -87.9067 41.8561, -87.9255 41.8561, -87.9255 41.8706))"
403,"POLYGON ((-87.9067 41.8706, -87.8878 41.8706, -87.8878 41.8561, -87.9067 41.8561, -87.9067 41.8706))"
404,"POLYGON ((-87.8878 41.8706, -87.8689 41.8706, -87.8689 41.8561, -87.8878 41.8561, -87.8878 41.8706))"
405,"POLYGON ((-87.8689 41.8706, -87.84999999999999 41.8706, -87.84999999999999 41.8561, -87.8689 41.8561, -87.8689 41.8706))"
406,"POLYGON ((-87.84999999999999 41.8706, -87.8312 41.8706, -87.8312 41.8561, -87.84999999999999 41.8561, -87.84999999999999 41.8706))"
407,"POLYGON ((-87.8312 41.8706, -87.81229999999999 41.8706, -87.81229999999999 41.8561, -87.8312 41.8561, -87.8312 41.8706))"
408,"POLYGON ((-87.81229999999999 41.8706, -87.79340000000001 41.8706, -87.79340000000001 41.8561, -87.81229999999999 41.8561, -87.81229999999999 41.8706))"
409,"POLYGON ((-87.79340000000001 41.8706, -87.77460000000001 41.8706, -87.77460000000001 41.8561, -87.79340000000001 41.8561, -87.79340000000001 41.8706))"
410,"POLYGON ((-87.77460000000001 41.8706, -87.7557 41.8706, -87.7557 41.8561, -87.77460000000001 41.8561, -87.77460000000001 41.8706))"
411,"POLYGON ((-87.7557 41.8706, -87.7368 41.8706, -87.7368 41.8561, -87.7557 41.8561, -87.7557 41.8706))"
412,"POLYGON ((-87.7368 41.8706, -87.718 41.8706, -87.718 41.8561, -87.7368 41.8561, -87.7368 41.8706))"
413,"POLYGON ((-87.718 41.8706, -87.6991 41.8706, -87.6991 41.8561, -87.718 41.8561, -87.718 41.8706))"
414,"POLYGON ((-87.6991 41.8706, -87.6802 41.8706, -87.6802 41.8561, -87.6991 41.8561, -87.6991 41.8706))"
415,"POLYGON ((-87.6802 41.8706, -87.6614 41.8706, -87.6614 41.8561, -87.6802 41.8561, -87.6802 41.8706))"
416,"POLYGON ((-87.6614 41.8706, -87.6425 41.8706, -87.6425 41.8561, -87.6614 41.8561, -87.6614 41.8706))"
417,"POLYGON ((-87.6425 41.8706, -87.6236 41.8706, -87.6236 41.8561, -87.6425 41.8561, -87.6425 41.8706))"
418,"POLYGON ((-87.6236 41.8706, -87.6048 41.8706, -87.6048 41.8561, -87.6236 41.8561, -87.6236 41.8706))"
419,"POLYGON ((-87.6048 41.8706, -87.5859 41.8706, -87.5859 41.8561, -87.6048 41.8561, -87.6048 41.8706))"
420,"POLYGON ((-87.5859 41.8706, -87.56699999999999 41.8706, -87.56699999999999 41.8561, -87.5859 41.8561, -87.5859 41.8706))"
421,"POLYGON ((-87.56699999999999 41.8706, -87.54819999999999 41.8706, -87.54819999999999 41.8561, -87.56699999999999 41.8561, -87.56699999999999 41.8706))"
422,"POLYGON ((-87.54819999999999 41.8706, -87.52930000000001 41.8706, -87.52930000000001 41.8561, -87.54819999999999 41.8561, -87.54819999999999 41.8706))"
423,"POLYGON ((-87.52930000000001 41.8706, -87.5104 41.8706, -87.5104 41.8561, -87.52930000000001 41.8561, -87.52930000000001 41.8706))"
424,"POLYGON ((-87.5104 41.8706, -87.49160000000001 41.8706, -87.49160000000001 41.8561, -87.5104 41.8561, -87.5104 41.8706))"
425,"POLYGON ((-87.49160000000001 41.8706, -87.4727 41.8706, -87.4727 41.8561, -87.49160000000001 41.8561, -87.49160000000001 41.8706))"
426,"POLYGON ((-87.9444 41.8851, -87.9255 41.8851, -87.9255 41.8706, -87.9444 41.8706, -87.9444 41.8851))"
427,"POLYGON ((-87.9255 41.8851, -87.9067 41.8851, -87.9067 41.8706, -87.9255 41.8706, -87.9255 41.8851))"
428,"POLYGON ((-87.9067 41.8851, -87.8878 41.8851, -87.8878 41.8706, -87.9067 41.8706, -87.9067 41.8851))"
429,"POLYGON ((-87.8878 41.8851, -87.8689 41.8851, -87.8689 41.8706, -87.8878 41.8706, -87.8878 41.8851))"
430,"POLYGON ((-87.8689 41.8851, -87.84999999999999 41.8851, -87.84999999999999 41.8706, -87.8689 41.8706, -87.8689 41.8851))"
431,"POLYGON ((-87.84999999999999 41.8851, -87.8312 41.8851, -87.8312 41.8706, -87.84999999999999 41.8706, -87.84999999999999 41.8851))"
432,"POLYGON ((-87.8312 41.8851, -87.81229999999999 41.8851, -87.81229999999999 41.8706, -87.8312 41.8706, -87.8312 41.8851))"
433,"POLYGON ((-87.81229999999999 41.8851, -87.79340000000001 41.8851, -87.79340000000001 41.8706, -87.81229999999999 41.8706, -87.81229999999999 41.8851))"
434,"POLYGON ((-87.79340000000001 41.8851, -87.77460000000001 41.8851, -87.77460000000001 41.8706, -87.79340000000001 41.8706, -87.79340000000001 41.8851))"
435,"POLYGON ((-87.77460000000001 41.8851, -87.7557 41.8851, -87.7557 41.8706, -87.77460000000001 41.8706, -87.77460000000001 41.8851))"
436,"POLYGON ((-87.7557 41.8851, -87.7368 41.8851, -87.7368 41.8706, -87.7557 41.8706, -87.7557 41.8851))"
437,"POLYGON ((-87.7368 41.8851, -87.718 41.8851, -87.718 41.8706, -87.7368 41.8706, -87.7368 41.8851))"
438,"POLYGON ((-87.718 41.8851, -87.6991 41.8851, -87.6991 41.8706, -87.718 41.8706, -87.718 41.8851))"
439,"POLYGON ((-87.6991 41.8851, -87.6802 41.8851, -87.6802 41.8706, -87.6991 41.8706, -87.6991 41.8851))"
440,"POLYGON ((-87.6802 41.8851, -87.6614 41.8851, -87.6614 41.8706, -87.6802 41.8706, -87.6802 41.8851))"
441,"POLYGON ((-87.6614 41.8851, -87.6425 41.8851, -87.6425 41.8706, -87.6614 41.8706, -87.6614 41.8851))"
442,"POLYGON ((-87.6425 41.8851, -87.6236 41.8851, -87.6236 41.8706, -87.6425 41.8706, -87.6425 41.8851))"
443,"POLYGON ((-87.6236 41.8851, -87.6048 41.8851, -87.6048 41.8706, -87.6236 41.8706, -87.6236 41.8851))"
444,"POLYGON ((-87.6048 41.8851, -87.5859 41.8851, -87.5859 41.8706, -87.6048 41.8706, -87.6048 41.8851))"
445,"POLYGON ((-87.5859 41.8851, -87.56699999999999 41.8851, -87.56699999999999 41.8706, -87.5859 41.8706, -87.5859 41.8851))"
446,"POLYGON ((-87.56699999999999 41.8851, -87.54819999999999 41.8851, -87.54819999999999 41.8706, -87.56699999999999 41.8706, -87.56699999999999 41.8851))"
447,"POLYGON ((-87.54819999999999 41.8851, -87.52930000000001 41.8851, -87.52930000000001 41.8706, -87.54819999999999 41.8706, -87.54819999999999 41.8851))"
448,"POLYGON ((-87.52930000000001 41.8851, -87.5104 41.8851, -87.5104 41.8706, -87.52930000000001 41.8706, -87.52930000000001 41.8851))"
449,"POLYGON ((-87.5104 41.8851, -87.49160000000001 41.8851, -87.49160000000001 41.8706, -87.5104 41.8706, -87.5104 41.8851))"
450,"POLYGON ((-87.49160000000001 41.8851, -87.4727 41.8851, -87.4727 41.8706, -87.49160000000001 41.8706, -87.49160000000001 41.8851))"
451,"POLYGON ((-87.9444 41.8996, -87.9255 41.8996, -87.9255 41.8851, -87.9444 41.8851, -87.9444 41.8996))"
452,"POLYGON ((-87.9255 41.8996, -87.9067 41.8996, -87.9067 41.8851, -87.9255 41.8851, -87.9255 41.8996))"
453,"POLYGON ((-87.9067 41.8996, -87.8878 41.8996, -87.8878 41.8851, -87.9067 41.8851, -87.9067 41.8996))"
454,"POLYGON ((-87.8878 41.8996, -87.8689 41.8996, -87.8689 41.8851, -87.8878 41.8851, -87.8878 41.8996))"
455,"POLYGON ((-87.8689 41.8996, -87.84999999999999 41.8996, -87.84999999999999 41.8851, -87.8689 41.8851, -87.8689 41.8996))"
456,"POLYGON ((-87.84999999999999 41.8996, -87.8312 41.8996, -87.8312 41.8851, -87.84999999999999 41.8851, -87.84999999999999 41.8996))"
457,"POLYGON ((-87.8312 41.8996, -87.81229999999999 41.8996, -87.81229999999999 41.8851, -87.8312 41.8851, -87.8312 41.8996))"
458,"POLYGON ((-87.81229999999999 41.8996, -87.79340000000001 41.8996, -87.79340000000001 41.8851, -87.81229999999999 41.8851, -87.81229999999999 41.8996))"
459,"POLYGON ((-87.79340000000001 41.8996, -87.77460000000001 41.8996, -87.77460000000001 41.8851, -87.79340000000001 41.8851, -87.79340000000001 41.8996))"
460,"POLYGON ((-87.77460000000001 41.8996, -87.7557 41.8996, -87.7557 41.8851, -87.77460000000001 41.8851, -87.77460000000001 41.8996))"
461,"POLYGON ((-87.7557 41.8996, -87.7368 41.8996, -87.7368 41.8851, -87.7557 41.8851, -87.7557 41.8996))"
462,"POLYGON ((-87.7368 41.8996, -87.718 41.8996, -87.718 41.8851, -87.7368 41.8851, -87.7368 41.8996))"
463,"POLYGON ((-87.718 41.8996, -87.6991 41.8996, -87.6991 41.8851, -87.718 41.8851, -87.718 41.8996))"
464,"POLYGON ((-87.6991 41.8996, -87.6802 41.8996, -87.6802 41.8851, -87.6991 41.8851, -87.6991 41.8996))"
465,"POLYGON ((-87.6802 41.8996, -87.6614 41.8996, -87.6614 41.8851, -87.6802 41.8851, -87.6802 41.8996))"
466,"POLYGON ((-87.6614 41.8996, -87.6425 41.8996, -87.6425 41.8851, -87.6614 41.8851, -87.6614 41.8996))"
467,"POLYGON ((-87.6425 41.8996, -87.6236 41.8996, -87.6236 41.8851, -87.6425 41.8851, -87.6425 41.8996))"
468,"POLYGON ((-87.6236 41.8996, -87.6048 41.8996, -87.6048 41.8851, -87.6236 41.8851, -87.6236 41.8996))"
469,"POLYGON ((-87.6048 41.8996, -87.5859 41.8996, -87.5859 41.8851, -87.6048 41.8851, -87.6048 41.8996))"
470,"POLYGON ((-87.5859 41.8996, -87.56699999999999 41.8996, -87.56699999999999 41.8851, -87.5859 41.8851, -87.5859 41.8996))"
471,"POLYGON ((-87.56699999999999 41.8996, -87.54819999999999 41.8996, -87.54819999999999 41.8851, -87.56699999999999 41.8851, -87.56699999999999 41.8996))"
472,"POLYGON ((-87.54819999999999 41.8996, -87.52930000000001 41.8996, -87.52930000000001 41.8851, -87.54819999999999 41.8851, -87.54819999999999 41.8996))"
473,"POLYGON ((-87.52930000000001 41.8996, -87.5104 41.8996, -87.5104 41.8851, -87.52930000000001 41.8851, -87.52930000000001 41.8996))"
474,"POLYGON ((-87.5104 41.8996, -87.49160000000001 41.8996, -87.49160000000001 41.8851, -87.5104 41.8851, -87.5104 41.8996))"
475,"POLYGON ((-87.49160000000001 41.8996, -87.4727 41.8996, -87.4727 41.8851, -87.49160000000001 41.8851, -87.49160000000001 41.8996))"
476,"POLYGON ((-87.9444 41.9141, -87.9255 41.9141, -87.9255 41.8996, -87.9444 41.8996, -87.9444 41.9141))"
477,"POLYGON ((-87.9255 41.9141, -87.9067 41.9141, -87.9067 41.8996, -87.9255 41.8996, -87.9255 41.9141))"
478,"POLYGON ((-87.9067 41.9141, -87.8878 41.9141, -87.8878 41.8996, -87.9067 41.8996, -87.9067 41.9141))"
479,"POLYGON ((-87.8878 41.9141, -87.8689 41.9141, -87.8689 41.8996, -87.8878 41.8996, -87.8878 41.9141))"
480,"POLYGON ((-87.8689 41.9141, -87.84999999999999 41.9141, -87.84999999999999 41.8996, -87.8689 41.8996, -87.8689 41.9141))"
481,"POLYGON ((-87.84999999999999 41.9141, -87.8312 41.9141, -87.8312 41.8996, -87.84999999999999 41.8996, -87.84999999999999 41.9141))"
482,"POLYGON ((-87.8312 41.9141, -87.81229999999999 41.9141, -87.81229999999999 41.8996, -87.8312 41.8996, -87.8312 41.9141))"
483,"POLYGON ((-87.81229999999999 41.9141, -87.79340000000001 41.9141, -87.79340000000001 41.8996, -87.81229999999999 41.8996, -87.81229999999999 41.9141))"
484,"POLYGON ((-87.79340000000001 41.9141, -87.77460000000001 41.9141, -87.77460000000001 41.8996, -87.79340000000001 41.8996, -87.79340000000001 41.9141))"
485,"POLYGON ((-87.77460000000001 41.9141, -87.7557 41.9141, -87.7557 41.8996, -87.77460000000001 41.8996, -87.77460000000001 41.9141))"
486,"POLYGON ((-87.7557 41.9141, -87.7368 41.9141, -87.7368 41.8996, -87.7557 41.8996, -87.7557 41.9141))"
487,"POLYGON ((-87.7368 41.9141, -87.718 41.9141, -87.718 41.8996, -87.7368 41.8996, -87.7368 41.9141))"
488,"POLYGON ((-87.718 41.9141, -87.6991 41.9141, -87.6991 41.8996, -87.718 41.8996, -87.718 41.9141))"
489,"POLYGON ((-87.6991 41.9141, -87.6802 41.9141, -87.6802 41.8996, -87.6991 41.8996, -87.6991 41.9141))"
490,"POLYGON ((-87.6802 41.9141, -87.6614 41.9141, -87.6614 41.8996, -87.6802 41.8996, -87.6802 41.9141))"
491,"POLYGON ((-87.6614 41.9141, -87.6425 41.9141, -87.6425 41.8996, -87.6614 41.8996, -87.6614 41.9141))"
492,"POLYGON ((-87.6425 41.9141, -87.6236 41.9141, -87.6236 41.8996, -87.6425 41.8996, -87.6425 41.9141))"
493,"POLYGON ((-87.6236 41.9141, -87.6048 41.9141, -87.6048 41.8996, -87.6236 41.8996, -87.6236 41.9141))"
494,"POLYGON ((-87.6048 41.9141, -87.5859 41.9141, -87.5859 41.8996, -87.6048 41.8996, -87.6048 41.9141))"
495,"POLYGON ((-87.5859 41.9141, -87.56699999999999 41.9141, -87.56699999999999 41.8996, -87.5859 41.8996, -87.5859 41.9141))"
496,"POLYGON ((-87.56699999999999 41.9141, -87.54819999999999 41.9141, -87.54819999999999 41.8996, -87.56699999999999 41.8996, -87.56699999999999 41.9141))"
497,"POLYGON ((-87.54819999999999 41.9141, -87.52930000000001 41.9141, -87.52930000000001 41.8996, -87.54819999999999 41.8996, -87.54819999999999 41.9141))"
498,"POLYGON ((-87.52930000000001 41.9141, -87.5104 41.9141, -87.5104 41.8996, -87.52930000000001 41.8996, -87.52930000000001 41.9141))"
499,"POLYGON ((-87.5104 41.9141, -87.49160000000001 41.9141, -87.49160000000001 41.8996, -87.5104 41.8996, -87.5104 41.9141))"
500,"POLYGON ((-87.49160000000001 41.9141, -87.4727 41.9141, -87.4727 41.8996, -87.49160000000001 41.8996, -87.49160000000001 41.9141))"
501,"POLYGON ((-87.9444 41.9285, -87.9255 41.9285, -87.9255 41.9141, -87.9444 41.9141, -87.9444 41.9285))"
502,"POLYGON ((-87.9255 41.9285, -87.9067 41.9285, -87.9067 41.9141, -87.9255 41.9141, -87.9255 41.9285))"
503,"POLYGON ((-87.9067 41.9285, -87.8878 41.9285, -87.8878 41.9141, -87.9067 41.9141, -87.9067 41.9285))"
504,"POLYGON ((-87.8878 41.9285, -87.8689 41.9285, -87.8689 41.9141, -87.8878 41.9141, -87.8878 41.9285))"
505,"POLYGON ((-87.8689 41.9285, -87.84999999999999 41.9285, -87.84999999999999 41.9141, -87.8689 41.9141, -87.8689 41.9285))"
506,"POLYGON ((-87.84999999999999 41.9285, -87.8312 41.9285, -87.8312 41.9141, -87.84999999999999 41.9141, -87.84999999999999 41.9285))"
507,"POLYGON ((-87.8312 41.9285, -87.81229999999999 41.9285, -87.81229999999999 41.9141, -87.8312 41.9141, -87.8312 41.9285))"
508,"POLYGON ((-87.81229999999999 41.9285, -87.79340000000001 41.9285, -87.79340000000001 41.9141, -87.81229999999999 41.9141, -87.81229999999999 41.9285))"
509,"POLYGON ((-87.79340000000001 41.9285, -87.77460000000001 41.9285, -87.77460000000001 41.9141, -87.79340000000001 41.9141, -87.79340000000001 41.9285))"
510,"POLYGON ((-87.77460000000001 41.9285, -87.7557 41.9285, -87.7557 41.9141, -87.77460000000001 41.9141, -87.77460000000001 41.9285))"
511,"POLYGON ((-87.7557 41.9285, -87.7368 41.9285, -87.7368 41.9141, -87.7557 41.9141, -87.7557 41.9285))"
512,"POLYGON ((-87.7368 41.9285, -87.718 41.9285, -87.718 41.9141, -87.7368 41.9141, -87.7368 41.9285))"
513,"POLYGON ((-87.718 41.9285, -87.6991 41.9285, -87.6991 41.9141, -87.718 41.9141, -87.718 41.9285))"
514,"POLYGON ((-87.6991 41.9285, -87.6802 41.9285, -87.6802 41.9141, -87.6991 41.9141, -87.6991 41.9285))"
515,"POLYGON ((-87.6802 41.9285, -87.6614 41.9285, -87.6614 41.9141, -87.6802 41.9141, -87.6802 41.9285))"
516,"POLYGON ((-87.6614 41.9285, -87.6425 41.9285, -87.6425 41.9141, -87.6614 41.9141, -87.6614 41.9285))"
517,"POLYGON ((-87.6425 41.9285, -87.6236 41.9285, -87.6236 41.9141, -87.6425 41.9141, -87.6425 41.9285))"
518,"POLYGON ((-87.6236 41.9285, -87.6048 41.9285, -87.6048 41.9141, -87.6236 41.9141, -87.6236 41.9285))"
519,"POLYGON ((-87.6048 41.9285, -87.5859 41.9285, -87.5859 41.9141, -87.6048 41.9141, -87.6048 41.9285))"
520,"POLYGON ((-87.5859 41.9285, -87.56699999999999 41.9285, -87.56699999999999 41.9141, -87.5859 41.9141, -87.5859 41.9285))"
521,"POLYGON ((-87.56699999999999 41.9285, -87.54819999999999 41.9285, -87.54819999999999 41.9141, -87.56699999999999 41.9141, -87.56699999999999 41.9285))"
522,"POLYGON ((-87.54819999999999 41.9285, -87.52930000000001 41.9285, -87.52930000000001 41.9141, -87.54819999999999 41.9141, -87.54819999999999 41.9285))"
523,"POLYGON ((-87.52930000000001 41.9285, -87.5104 41.9285, -87.5104 41.9141, -87.52930000000001 41.9141, -87.52930000000001 41.9285))"
524,"POLYGON ((-87.5104 41.9285, -87.49160000000001 41.9285, -87.49160000000001 41.9141, -87.5104 41.9141, -87.5104 41.9285))"
525,"POLYGON ((-87.49160000000001 41.9285, -87.4727 41.9285, -87.4727 41.9141, -87.49160000000001 41.9141, -87.49160000000001 41.9285))"
526,"POLYGON ((-87.9444 41.943, -87.9255 41.943, -87.9255 41.9285, -87.9444 41.9285, -87.9444 41.943))"
527,"POLYGON ((-87.9255 41.943, -87.9067 41.943, -87.9067 41.9285, -87.9255 41.9285, -87.9255 41.943))"
528,"POLYGON ((-87.9067 41.943, -87.8878 41.943, -87.8878 41.9285, -87.9067 41.9285, -87.9067 41.943))"
529,"POLYGON ((-87.8878 41.943, -87.8689 41.943, -87.8689 41.9285, -87.8878 41.9285, -87.8878 41.943))"
530,"POLYGON ((-87.8689 41.943, -87.84999999999999 41.943, -87.84999999999999 41.9285, -87.8689 41.9285, -87.8689 41.943))"
531,"POLYGON ((-87.84999999999999 41.943, -87.8312 41.943, -87.8312 41.9285, -87.84999999999999 41.9285, -87.84999999999999 41.943))"
532,"POLYGON ((-87.8312 41.943, -87.81229999999999 41.943, -87.81229999999999 41.9285, -87.8312 41.9285, -87.8312 41.943))"
533,"POLYGON ((-87.81229999999999 41.943, -87.79340000000001 41.943, -87.79340000000001 41.9285, -87.81229999999999 41.9285, -87.81229999999999 41.943))"
534,"POLYGON ((-87.79340000000001 41.943, -87.77460000000001 41.943, -87.77460000000001 41.9285, -87.79340000000001 41.9285, -87.79340000000001 41.943))"
535,"POLYGON ((-87.77460000000001 41.943, -87.7557 41.943, -87.7557 41.9285, -87.77460000000001 41.9285, -87.77460000000001 41.943))"
536,"POLYGON ((-87.7557 41.943, -87.7368 41.943, -87.7368 41.9285, -87.7557 41.9285, -87.7557 41.943))"
537,"POLYGON ((-87.7368 41.943, -87.718 41.943, -87.718 41.9285, -87.7368 41.9285, -87.7368 41.943))"
538,"POLYGON ((-87.718 41.943, -87.6991 41.943, -87.6991 41.9285, -87.718 41.9285, -87.718 41.943))"
539,"POLYGON ((-87.6991 41.943, -87.6802 41.943, -87.6802 41.9285, -87.6991 41.9285, -87.6991 41.943))"
540,"POLYGON ((-87.6802 41.943, -87.6614 41.943, -87.6614 41.9285, -87.6802 41.9285, -87.6802 41.943))"
541,"POLYGON ((-87.6614 41.943, -87.6425 41.943, -87.6425 41.9285, -87.6614 41.9285, -87.6614 41.943))"
542,"POLYGON ((-87.6425 41.943, -87.6236 41.943, -87.6236 41.9285, -87.6425 41.9285, -87.6425 41.943))"
543,"POLYGON ((-87.6236 41.943, -87.6048 41.943, -87.6048 41.9285, -87.6236 41.9285, -87.6236 41.943))"
544,"POLYGON ((-87.6048 41.943, -87.5859 41.943, -87.5859 41.9285, -87.6048 41.9285, -87.6048 41.943))"
545,"POLYGON ((-87.5859 41.943, -87.56699999999999 41.943, -87.56699999999999 41.9285, -87.5859 41.9285, -87.5859 41.943))"
546,"POLYGON ((-87.56699999999999 41.943, -87.54819999999999 41.943, -87.54819999999999 41.9285, -87.56699999999999 41.9285, -87.56699999999999 41.943))"
547,"POLYGON ((-87.54819999999999 41.943, -87.52930000000001 41.943, -87.52930000000001 41.9285, -87.54819999999999 41.9285, -87.54819999999999 41.943))"
548,"POLYGON ((-87.52930000000001 41.943, -87.5104 41.943, -87.5104 41.9285, -87.52930000000001 41.9285, -87.52930000000001 41.943))"
549,"POLYGON ((-87.5104 41.943, -87.49160000000001 41.943, -87.49160000000001 41.9285, -87.5104 41.9285, -87.5104 41.943))"
550,"POLYGON ((-87.49160000000001 41.943, -87.4727 41.943, -87.4727 41.9285, -87.49160000000001 41.9285, -87.49160000000001 41.943))"
551,"POLYGON ((-87.9444 41.9575, -87.9255 41.9575, -87.9255 41.943, -87.9444 41.943, -87.9444 41.9575))"
552,"POLYGON ((-87.9255 41.9575, -87.9067 41.9575, -87.9067 41.943, -87.9255 41.943, -87.9255 41.9575))"
553,"POLYGON ((-87.9067 41.9575, -87.8878 41.9575, -87.8878 41.943, -87.9067 41.943, -87.9067 41.9575))"
554,"POLYGON ((-87.8878 41.9575, -87.8689 41.9575, -87.8689 41.943, -87.8878 41.943, -87.8878 41.9575))"
555,"POLYGON ((-87.8689 41.9575, -87.84999999999999 41.9575, -87.84999999999999 41.943, -87.8689 41.943, -87.8689 41.9575))"
556,"POLYGON ((-87.84999999999999 41.9575, -87.8312 41.9575, -87.8312 41.943, -87.84999999999999 41.943, -87.84999999999999 41.9575))"
557,"POLYGON ((-87.8312 41.9575, -87.81229999999999 41.9575, -87.81229999999999 41.943, -87.8312 41.943, -87.8312 41.9575))"
558,"POLYGON ((-87.81229999999999 41.9575, -87.79340000000001 41.9575, -87.79340000000001 41.943, -87.81229999999999 41.943, -87.81229999999999 41.9575))"
559,"POLYGON ((-87.79340000000001 41.9575, -87.77460000000001 41.9575, -87.77460000000001 41.943, -87.79340000000001 41.943, -87.79340000000001 41.9575))"
560,"POLYGON ((-87.77460000000001 41.9575, -87.7557 41.9575, -87.7557 41.943, -87.77460000000001 41.943, -87.77460000000001 41.9575))"
561,"POLYGON ((-87.7557 41.9575, -87.7368 41.9575, -87.7368 41.943, -87.7557 41.943, -87.7557 41.9575))"
562,"POLYGON ((-87.7368 41.9575, -87.718 41.9575, -87.718 41.943, -87.7368 41.943, -87.7368 41.9575))"
563,"POLYGON ((-87.718 41.9575, -87.6991 41.9575, -87.6991 41.943, -87.718 41.943, -87.718 41.9575))"
564,"POLYGON ((-87.6991 41.9575, -87.6802 41.9575, -87.6802 41.943, -87.6991 41.943, -87.6991 41.9575))"
565,"POLYGON ((-87.6802 41.9575, -87.6614 41.9575, -87.6614 41.943, -87.6802 41.943, -87.6802 41.9575))"
566,"POLYGON ((-87.6614 41.9575, -87.6425 41.9575, -87.6425 41.943, -87.6614 41.943, -87.6614 41.9575))"
567,"POLYGON ((-87.6425 41.9575, -87.6236 41.9575, -87.6236 41.943, -87.6425 41.943, -87.6425 41.9575))"
568,"POLYGON ((-87.6236 41.9575, -87.6048 41.9575, -87.6048 41.943, -87.6236 41.943, -87.6236 41.9575))"
569,"POLYGON ((-87.6048 41.9575, -87.5859 41.9575, -87.5859 41.943, -87.6048 41.943, -87.6048 41.9575))"
570,"POLYGON ((-87.5859 41.9575, -87.56699999999999 41.9575, -87.56699999999999 41.943, -87.5859 41.943, -87.5859 41.9575))"
571,"POLYGON ((-87.56699999999999 41.9575, -87.54819999999999 41.9575, -87.54819999999999 41.943, -87.56699999999999 41.943, -87.56699999999999 41.9575))"
572,"POLYGON ((-87.54819999999999 41.9575, -87.52930000000001 41.9575, -87.52930000000001 41.943, -87.54819999999999 41.943, -87.54819999999999 41.9575))"
573,"POLYGON ((-87.52930000000001 41.9575, -87.5104 41.9575, -87.5104 41.943, -87.52930000000001 41.943, -87.52930000000001 41.9575))"
574,"POLYGON ((-87.5104 41.9575, -87.49160000000001 41.9575, -87.49160000000001 41.943, -87.5104 41.943, -87.5104 41.9575))"
575,"POLYGON ((-87.49160000000001 41.9575, -87.4727 41.9575, -87.4727 41.943, -87.49160000000001 41.943, -87.49160000000001 41.9575))"
576,"POLYGON ((-87.9444 41.972, -87.9255 41.972, -87.9255 41.9575, -87.9444 41.9575, -87.9444 41.972))"
577,"POLYGON ((-87.9255 41.972, -87.9067 41.972, -87.9067 41.9575, -87.9255 41.9575, -87.9255 41.972))"
578,"POLYGON ((-87.9067 41.972, -87.8878 41.972, -87.8878 41.9575, -87.9067 41.9575, -87.9067 41.972))"
579,"POLYGON ((-87.8878 41.972, -87.8689 41.972, -87.8689 41.9575, -87.8878 41.9575, -87.8878 41.972))"
580,"POLYGON ((-87.8689 41.972, -87.84999999999999 41.972, -87.84999999999999 41.9575, -87.8689 41.9575, -87.8689 41.972))"
581,"POLYGON ((-87.84999999999999 41.972, -87.8312 41.972, -87.8312 41.9575, -87.84999999999999 41.9575, -87.84999999999999 41.972))"
582,"POLYGON ((-87.8312 41.972, -87.81229999999999 41.972, -87.81229999999999 41.9575, -87.8312 41.9575, -87.8312 41.972))"
583,"POLYGON ((-87.81229999999999 41.972, -87.79340000000001 41.972, -87.79340000000001 41.9575, -87.81229999999999 41.9575, -87.81229999999999 41.972))"
584,"POLYGON ((-87.79340000000001 41.972, -87.77460000000001 41.972, -87.77460000000001 41.9575, -87.79340000000001 41.9575, -87.79340000000001 41.972))"
585,"POLYGON ((-87.77460000000001 41.972, -87.7557 41.972, -87.7557 41.9575, -87.77460000000001 41.9575, -87.77460000000001 41.972))"
586,"POLYGON ((-87.7557 41.972, -87.7368 41.972, -87.7368 41.9575, -87.7557 41.9575, -87.7557 41.972))"
587,"POLYGON ((-87.7368 41.972, -87.718 41.972, -87.718 41.9575, -87.7368 41.9575, -87.7368 41.972))"
588,"POLYGON ((-87.718 41.972, -87.6991 41.972, -87.6991 41.9575, -87.718 41.9575, -87.718 41.972))"
589,"POLYGON ((-87.6991 41.972, -87.6802 41.972, -87.6802 41.9575, -87.6991 41.9575, -87.6991 41.972))"
590,"POLYGON ((-87.6802 41.972, -87.6614 41.972, -87.6614 41.9575, -87.6802 41.9575, -87.6802 41.972))"
591,"POLYGON ((-87.6614 41.972, -87.6425 41.972, -87.6425 41.9575, -87.6614 41.9575, -87.6614 41.972))"
592,"POLYGON ((-87.6425 41.972, -87.6236 41.972, -87.6236 41.9575, -87.6425 41.9575, -87.6425 41.972))"
593,"POLYGON ((-87.6236 41.972, -87.6048 41.972, -87.6048 41.9575, -87.6236 41.9575, -87.6236 41.972))"
594,"POLYGON ((-87.6048 41.972, -87.5859 41.972, -87.5859 41.9575, -87.6048 41.9575, -87.6048 41.972))"
595,"POLYGON ((-87.5859 41.972, -87.56699999999999 41.972, -87.56699999999999 41.9575, -87.5859 41.9575, -87.5859 41.972))"
596,"POLYGON ((-87.56699999999999 41.972, -87.54819999999999 41.972, -87.54819999999999 41.9575, -87.56699999999999 41.9575, -87.56699999999999 41.972))"
597,"POLYGON ((-87.54819999999999 41.972, -87.52930000000001 41.972, -87.52930000000001 41.9575, -87.54819999999999 41.9575, -87.54819999999999 41.972))"
598,"POLYGON ((-87.52930000000001 41.972, -87.5104 41.972, -87.5104 41.9575, -87.52930000000001 41.9575, -87.52930000000001 41.972))"
599,"POLYGON ((-87.5104 41.972, -87.49160000000001 41.972, -87.49160000000001 41.9575, -87.5104 41.9575, -87.5104 41.972))"
600,"POLYGON ((-87.49160000000001 41.972, -87.4727 41.972, -87.4727 41.9575, -87.49160000000001 41.9575, -87.49160000000001 41.972))"
601,"POLYGON ((-87.9444 41.9865, -87.9255 41.9865, -87.9255 41.972, -87.9444 41.972, -87.9444 41.9865))"
602,"POLYGON ((-87.9255 41.9865, -87.9067 41.9865, -87.9067 41.972, -87.9255 41.972, -87.9255 41.9865))"
603,"POLYGON ((-87.9067 41.9865, -87.8878 41.9865, -87.8878 41.972, -87.9067 41.972, -87.9067 41.9865))"
604,"POLYGON ((-87.8878 41.9865, -87.8689 41.9865, -87.8689 41.972, -87.8878 41.972, -87.8878 41.9865))"
605,"POLYGON ((-87.8689 41.9865, -87.84999999999999 41.9865, -87.84999999999999 41.972, -87.8689 41.972, -87.8689 41.9865))"
606,"POLYGON ((-87.84999999999999 41.9865, -87.8312 41.9865, -87.8312 41.972, -87.84999999999999 41.972, -87.84999999999999 41.9865))"
607,"POLYGON ((-87.8312 41.9865, -87.81229999999999 41.9865, -87.81229999999999 41.972, -87.8312 41.972, -87.8312 41.9865))"
608,"POLYGON ((-87.81229999999999 41.9865, -87.79340000000001 41.9865, -87.79340000000001 41.972, -87.81229999999999 41.972, -87.81229999999999 41.9865))"
609,"POLYGON ((-87.79340000000001 41.9865, -87.77460000000001 41.9865, -87.77460000000001 41.972, -87.79340000000001 41.972, -87.79340000000001 41.9865))"
610,"POLYGON ((-87.77460000000001 41.9865, -87.7557 41.9865, -87.7557 41.972, -87.77460000000001 41.972, -87.77460000000001 41.9865))"
611,"POLYGON ((-87.7557 41.9865, -87.7368 41.9865, -87.7368 41.972, -87.7557 41.972, -87.7557 41.9865))"
612,"POLYGON ((-87.7368 41.9865, -87.718 41.9865, -87.718 41.972, -87.7368 41.972, -87.7368 41.9865))"
613,"POLYGON ((-87.718 41.9865, -87.6991 41.9865, -87.6991 41.972, -87.718 41.972, -87.718 41.9865))"
614,"POLYGON ((-87.6991 41.9865, -87.6802 41.9865, -87.6802 41.972, -87.6991 41.972, -87.6991 41.9865))"
615,"POLYGON ((-87.6802 41.9865, -87.6614 41.9865, -87.6614 41.972, -87.6802 41.972, -87.6802 41.9865))"
616,"POLYGON ((-87.6614 41.9865, -87.6425 41.9865, -87.6425 41.972, -87.6614 41.972, -87.6614 41.9865))"
617,"POLYGON ((-87.6425 41.9865, -87.6236 41.9865, -87.6236 41.972, -87.6425 41.972, -87.6425 41.9865))"
618,"POLYGON ((-87.6236 41.9865, -87.6048 41.9865, -87.6048 41.972, -87.6236 41.972, -87.6236 41.9865))"
619,"POLYGON ((-87.6048 41.9865, -87.5859 41.9865, -87.5859 41.972, -87.6048 41.972, -87.6048 41.9865))"
620,"POLYGON ((-87.5859 41.9865, -87.56699999999999 41.9865, -87.56699999999999 41.972, -87.5859 41.972, -87.5859 41.9865))"
621,"POLYGON ((-87.56699999999999 41.9865, -87.54819999999999 41.9865, -87.54819999999999 41.972, -87.56699999999999 41.972, -87.56699999999999 41.9865))"
622,"POLYGON ((-87.54819999999999 41.9865, -87.52930000000001 41.9865, -87.52930000000001 41.972, -87.54819999999999 41.972, -87.54819999999999 41.9865))"
623,"POLYGON ((-87.52930000000001 41.9865, -87.5104 41.9865, -87.5104 41.972, -87.52930000000001 41.972, -87.52930000000001 41.9865))"
624,"POLYGON ((-87.5104 41.9865, -87.49160000000001 41.9865, -87.49160000000001 41.972, -87.5104 41.972, -87.5104 41.9865))"
625,"POLYGON ((-87.49160000000001 41.9865, -87.4727 41.9865, -87.4727 41.972, -87.49160000000001 41.972, -87.49160000000001 41.9865))"
626,"POLYGON ((-87.9444 42.001, -87.9255 42.001, -87.9255 41.9865, -87.9444 41.9865, -87.9444 42.001))"
627,"POLYGON ((-87.9255 42.001, -87.9067 42.001, -87.9067 41.9865, -87.9255 41.9865, -87.9255 42.001))"
628,"POLYGON ((-87.9067 42.001, -87.8878 42.001, -87.8878 41.9865, -87.9067 41.9865, -87.9067 42.001))"
629,"POLYGON ((-87.8878 42.001, -87.8689 42.001, -87.8689 41.9865, -87.8878 41.9865, -87.8878 42.001))"
630,"POLYGON ((-87.8689 42.001, -87.84999999999999 42.001, -87.84999999999999 41.9865, -87.8689 41.9865, -87.8689 42.001))"
631,"POLYGON ((-87.84999999999999 42.001, -87.8312 42.001, -87.8312 41.9865, -87.84999999999999 41.9865, -87.84999999999999 42.001))"
632,"POLYGON ((-87.8312 42.001, -87.81229999999999 42.001, -87.81229999999999 41.9865, -87.8312 41.9865, -87.8312 42.001))"
633,"POLYGON ((-87.81229999999999 42.001, -87.79340000000001 42.001, -87.79340000000001 41.9865, -87.81229999999999 41.9865, -87.81229999999999 42.001))"
634,"POLYGON ((-87.79340000000001 42.001, -87.77460000000001 42.001, -87.77460000000001 41.9865, -87.79340000000001 41.9865, -87.79340000000001 42.001))"
635,"POLYGON ((-87.77460000000001 42.001, -87.7557 42.001, -87.7557 41.9865, -87.77460000000001 41.9865, -87.77460000000001 42.001))"
636,"POLYGON ((-87.7557 42.001, -87.7368 42.001, -87.7368 41.9865, -87.7557 41.9865, -87.7557 42.001))"
637,"POLYGON ((-87.7368 42.001, -87.718 42.001, -87.718 41.9865, -87.7368 41.9865, -87.7368 42.001))"
638,"POLYGON ((-87.718 42.001, -87.6991 42.001, -87.6991 41.9865, -87.718 41.9865, -87.718 42.001))"
639,"POLYGON ((-87.6991 42.001, -87.6802 42.001, -87.6802 41.9865, -87.6991 41.9865, -87.6991 42.001))"
640,"POLYGON ((-87.6802 42.001, -87.6614 42.001, -87.6614 41.9865, -87.6802 41.9865, -87.6802 42.001))"
641,"POLYGON ((-87.6614 42.001, -87.6425 42.001, -87.6425 41.9865, -87.6614 41.9865, -87.6614 42.001))"
642,"POLYGON ((-87.6425 42.001, -87.6236 42.001, -87.6236 41.9865, -87.6425 41.9865, -87.6425 42.001))"
643,"POLYGON ((-87.6236 42.001, -87.6048 42.001, -87.6048 41.9865, -87.6236 41.9865, -87.6236 42.001))"
644,"POLYGON ((-87.6048 42.001, -87.5859 42.001, -87.5859 41.9865, -87.6048 41.9865, -87.6048 42.001))"
645,"POLYGON ((-87.5859 42.001, -87.56699999999999 42.001, -87.56699999999999 41.9865, -87.5859 41.9865, -87.5859 42.001))"
646,"POLYGON ((-87.56699999999999 42.001, -87.54819999999999 42.001, -87.54819999999999 41.9865, -87.56699999999999 41.9865, -87.56699999999999 42.001))"
647,"POLYGON ((-87.54819999999999 42.001, -87.52930000000001 42.001, -87.52930000000001 41.9865, -87.54819999999999 41.9865, -87.54819999999999 42.001))"
648,"POLYGON ((-87.52930000000001 42.001, -87.5104 42.001, -87.5104 41.9865, -87.52930000000001 41.9865, -87.52930000000001 42.001))"
649,"POLYGON ((-87.5104 42.001, -87.49160000000001 42.001, -87.49160000000001 41.9865, -87.5104 41.9865, -87.5104 42.001))"
650,"POLYGON ((-87.49160000000001 42.001, -87.4727 42.001, -87.4727 41.9865, -87.49160000000001 41.9865, -87.49160000000001 42.001))"
651,"POLYGON ((-87.9444 42.0155, -87.9255 42.0155, -87.9255 42.001, -87.9444 42.001, -87.9444 42.0155))"
652,"POLYGON ((-87.9255 42.0155, -87.9067 42.0155, -87.9067 42.001, -87.9255 42.001, -87.9255 42.0155))"
653,"POLYGON ((-87.9067 42.0155, -87.8878 42.0155, -87.8878 42.001, -87.9067 42.001, -87.9067 42.0155))"
654,"POLYGON ((-87.8878 42.0155, -87.8689 42.0155, -87.8689 42.001, -87.8878 42.001, -87.8878 42.0155))"
655,"POLYGON ((-87.8689 42.0155, -87.84999999999999 42.0155, -87.84999999999999 42.001, -87.8689 42.001, -87.8689 42.0155))"
656,"POLYGON ((-87.84999999999999 42.0155, -87.8312 42.0155, -87.8312 42.001, -87.84999999999999 42.001, -87.84999999999999 42.0155))"
657,"POLYGON ((-87.8312 42.0155, -87.81229999999999 42.0155, -87.81229999999999 42.001, -87.8312 42.001, -87.8312 42.0155))"
658,"POLYGON ((-87.81229999999999 42.0155, -87.79340000000001 42.0155, -87.79340000000001 42.001, -87.81229999999999 42.001, -87.81229999999999 42.0155))"
659,"POLYGON ((-87.79340000000001 42.0155, -87.77460000000001 42.0155, -87.77460000000001 42.001, -87.79340000000001 42.001, -87.79340000000001 42.0155))"
660,"POLYGON ((-87.77460000000001 42.0155, -87.7557 42.0155, -87.7557 42.001, -87.77460000000001 42.001, -87.77460000000001 42.0155))"
661,"POLYGON ((-87.7557 42.0155, -87.7368 42.0155, -87.7368 42.001, -87.7557 42.001, -87.7557 42.0155))"
662,"POLYGON ((-87.7368 42.0155, -87.718 42.0155, -87.718 42.001, -87.7368 42.001, -87.7368 42.0155))"
663,"POLYGON ((-87.718 42.0155, -87.6991 42.0155, -87.6991 42.001, -87.718 42.001, -87.718 42.0155))"
664,"POLYGON ((-87.6991 42.0155, -87.6802 42.0155, -87.6802 42.001, -87.6991 42.001, -87.6991 42.0155))"
665,"POLYGON ((-87.6802 42.0155, -87.6614 42.0155, -87.6614 42.001, -87.6802 42.001, -87.6802 42.0155))"
666,"POLYGON ((-87.6614 42.0155, -87.6425 42.0155, -87.6425 42.001, -87.6614 42.001, -87.6614 42.0155))"
667,"POLYGON ((-87.6425 42.0155, -87.6236 42.0155, -87.6236 42.001, -87.6425 42.001, -87.6425 42.0155))"
668,"POLYGON ((-87.6236 42.0155, -87.6048 42.0155, -87.6048 42.001, -87.6236 42.001, -87.6236 42.0155))"
669,"POLYGON ((-87.6048 42.0155, -87.5859 42.0155, -87.5859 42.001, -87.6048 42.001, -87.6048 42.0155))"
670,"POLYGON ((-87.5859 42.0155, -87.56699999999999 42.0155, -87.56699999999999 42.001, -87.5859 42.001, -87.5859 42.0155))"
671,"POLYGON ((-87.56699999999999 42.0155, -87.54819999999999 42.0155, -87.54819999999999 42.001, -87.56699999999999 42.001, -87.56699999999999 42.0155))"
672,"POLYGON ((-87.54819999999999 42.0155, -87.52930000000001 42.0155, -87.52930000000001 42.001, -87.54819999999999 42.001, -87.54819999999999 42.0155))"
673,"POLYGON ((-87.52930000000001 42.0155, -87.5104 42.0155, -87.5104 42.001, -87.52930000000001 42.001, -87.52930000000001 42.0155))"
674,"POLYGON ((-87.5104 42.0155, -87.49160000000001 42.0155, -87.49160000000001 42.001, -87.5104 42.001, -87.5104 42.0155))"
675,"POLYGON ((-87.49160000000001 42.0155, -87.4727 42.0155, -87.4727 42.001, -87.49160000000001 42.001, -87.49160000000001 42.0155))"
676,"POLYGON ((-87.9444 42.03, -87.9255 42.03, -87.9255 42.0155, -87.9444 42.0155, -87.9444 42.03))"
677,"POLYGON ((-87.9255 42.03, -87.9067 42.03, -87.9067 42.0155, -87.9255 42.0155, -87.9255 42.03))"
678,"POLYGON ((-87.9067 42.03, -87.8878 42.03, -87.8878 42.0155, -87.9067 42.0155, -87.9067 42.03))"
679,"POLYGON ((-87.8878 42.03, -87.8689 42.03, -87.8689 42.0155, -87.8878 42.0155, -87.8878 42.03))"
680,"POLYGON ((-87.8689 42.03, -87.84999999999999 42.03, -87.84999999999999 42.0155, -87.8689 42.0155, -87.8689 42.03))"
681,"POLYGON ((-87.84999999999999 42.03, -87.8312 42.03, -87.8312 42.0155, -87.84999999999999 42.0155, -87.84999999999999 42.03))"
682,"POLYGON ((-87.8312 42.03, -87.81229999999999 42.03, -87.81229999999999 42.0155, -87.8312 42.0155, -87.8312 42.03))"
683,"POLYGON ((-87.81229999999999 42.03, -87.79340000000001 42.03, -87.79340000000001 42.0155, -87.81229999999999 42.0155, -87.81229999999999 42.03))"
684,"POLYGON ((-87.79340000000001 42.03, -87.77460000000001 42.03, -87.77460000000001 42.0155, -87.79340000000001 42.0155, -87.79340000000001 42.03))"
685,"POLYGON ((-87.77460000000001 42.03, -87.7557 42.03, -87.7557 42.0155, -87.77460000000001 42.0155, -87.77460000000001 42.03))"
686,"POLYGON ((-87.7557 42.03, -87.7368 42.03, -87.7368 42.0155, -87.7557 42.0155, -87.7557 42.03))"
687,"POLYGON ((-87.7368 42.03, -87.718 42.03, -87.718 42.0155, -87.7368 42.0155, -87.7368 42.03))"
688,"POLYGON ((-87.718 42.03, -87.6991 42.03, -87.6991 42.0155, -87.718 42.0155, -87.718 42.03))"
689,"POLYGON ((-87.6991 42.03, -87.6802 42.03, -87.6802 42.0155, -87.6991 42.0155, -87.6991 42.03))"
690,"POLYGON ((-87.6802 42.03, -87.6614 42.03, -87.6614 42.0155, -87.6802 42.0155, -87.6802 42.03))"
691,"POLYGON ((-87.6614 42.03, -87.6425 42.03, -87.6425 42.0155, -87.6614 42.0155, -87.6614 42.03))"
692,"POLYGON ((-87.6425 42.03, -87.6236 42.03, -87.6236 42.0155, -87.6425 42.0155, -87.6425 42.03))"
693,"POLYGON ((-87.6236 42.03, -87.6048 42.03, -87.6048 42.0155, -87.6236 42.0155, -87.6236 42.03))"
694,"POLYGON ((-87.6048 42.03, -87.5859 42.03, -87.5859 42.0155, -87.6048 42.0155, -87.6048 42.03))"
695,"POLYGON ((-87.5859 42.03, -87.56699999999999 42.03, -87.56699999999999 42.0155, -87.5859 42.0155, -87.5859 42.03))"
696,"POLYGON ((-87.56699999999999 42.03, -87.54819999999999 42.03, -87.54819999999999 42.0155, -87.56699999999999 42.0155, -87.56699999999999 42.03))"
697,"POLYGON ((-87.54819999999999 42.03, -87.52930000000001 42.03, -87.52930000000001 42.0155, -87.54819999999999 42.0155, -87.54819999999999 42.03))"
698,"POLYGON ((-87.52930000000001 42.03, -87.5104 42.03, -87.5104 42.0155, -87.52930000000001 42.0155, -87.52930000000001 42.03))"
699,"POLYGON ((-87.5104 42.03, -87.49160000000001 42.03, -87.49160000000001 42.0155, -87.5104 42.0155, -87.5104 42.03))"
700,"POLYGON ((-87.49160000000001 42.03, -87.4727 42.03, -87.4727 42.0155, -87.49160000000001 42.0155, -87.49160000000001 42.03))"
701,"POLYGON ((-87.9444 42.0445, -87.9255 42.0445, -87.9255 42.03, -87.9444 42.03, -87.9444 42.0445))"
702,"POLYGON ((-87.9255 42.0445, -87.9067 42.0445, -87.9067 42.03, -87.9255 42.03, -87.9255 42.0445))"
703,"POLYGON ((-87.9067 42.0445, -87.8878 42.0445, -87.8878 42.03, -87.9067 42.03, -87.9067 42.0445))"
704,"POLYGON ((-87.8878 42.0445, -87.8689 42.0445, -87.8689 42.03, -87.8878 42.03, -87.8878 42.0445))"
705,"POLYGON ((-87.8689 42.0445, -87.84999999999999 42.0445, -87.84999999999999 42.03, -87.8689 42.03, -87.8689 42.0445))"
706,"POLYGON ((-87.84999999999999 42.0445, -87.8312 42.0445, -87.8312 42.03, -87.84999999999999 42.03, -87.84999999999999 42.0445))"
707,"POLYGON ((-87.8312 42.0445, -87.81229999999999 42.0445, -87.81229999999999 42.03, -87.8312 42.03, -87.8312 42.0445))"
708,"POLYGON ((-87.81229999999999 42.0445, -87.79340000000001 42.0445, -87.79340000000001 42.03, -87.81229999999999 42.03, -87.81229999999999 42.0445))"
709,"POLYGON ((-87.79340000000001 42.0445, -87.77460000000001 42.0445, -87.77460000000001 42.03, -87.79340000000001 42.03, -87.79340000000001 42.0445))"
710,"POLYGON ((-87.77460000000001 42.0445, -87.7557 42.0445, -87.7557 42.03, -87.77460000000001 42.03, -87.77460000000001 42.0445))"
711,"POLYGON ((-87.7557 42.0445, -87.7368 42.0445, -87.7368 42.03, -87.7557 42.03, -87.7557 42.0445))"
712,"POLYGON ((-87.7368 42.0445, -87.718 42.0445, -87.718 42.03, -87.7368 42.03, -87.7368 42.0445))"
713,"POLYGON ((-87.718 42.0445, -87.6991 42.0445, -87.6991 42.03, -87.718 42.03, -87.718 42.0445))"
714,"POLYGON ((-87.6991 42.0445, -87.6802 42.0445, -87.6802 42.03, -87.6991 42.03, -87.6991 42.0445))"
715,"POLYGON ((-87.6802 42.0445, -87.6614 42.0445, -87.6614 42.03, -87.6802 42.03, -87.6802 42.0445))"
716,"POLYGON ((-87.6614 42.0445, -87.6425 42.0445, -87.6425 42.03, -87.6614 42.03, -87.6614 42.0445))"
717,"POLYGON ((-87.6425 42.0445, -87.6236 42.0445, -87.6236 42.03, -87.6425 42.03, -87.6425 42.0445))"
718,"POLYGON ((-87.6236 42.0445, -87.6048 42.0445, -87.6048 42.03, -87.6236 42.03, -87.6236 42.0445))"
719,"POLYGON ((-87.6048 42.0445, -87.5859 42.0445, -87.5859 42.03, -87.6048 42.03, -87.6048 42.0445))"
720,"POLYGON ((-87.5859 42.0445, -87.56699999999999 42.0445, -87.56699999999999 42.03, -87.5859 42.03, -87.5859 42.0445))"
721,"POLYGON ((-87.56699999999999 42.0445, -87.54819999999999 42.0445, -87.54819999999999 42.03, -87.56699999999999 42.03, -87.56699999999999 42.0445))"
722,"POLYGON ((-87.54819999999999 42.0445, -87.52930000000001 42.0445, -87.52930000000001 42.03, -87.54819999999999 42.03, -87.54819999999999 42.0445))"
723,"POLYGON ((-87.52930000000001 42.0445, -87.5104 42.0445, -87.5104 42.03, -87.52930000000001 42.03, -87.52930000000001 42.0445))"
724,"POLYGON ((-87.5104 42.0445, -87.49160000000001 42.0445, -87.49160000000001 42.03, -87.5104 42.03, -87.5104 42.0445))"
725,"POLYGON ((-87.49160000000001 42.0445, -87.4727 42.0445, -87.4727 42.03, -87.49160000000001 42.03, -87.49160000000001 42.0445))"
726,"POLYGON ((-87.9444 42.059, -87.9255 42.059, -87.9255 42.0445, -87.9444 42.0445, -87.9444 42.059))"
727,"POLYGON ((-87.9255 42.059, -87.9067 42.059, -87.9067 42.0445, -87.9255 42.0445, -87.9255 42.059))"
728,"POLYGON ((-87.9067 42.059, -87.8878 42.059, -87.8878 42.0445, -87.9067 42.0445, -87.9067 42.059))"
729,"POLYGON ((-87.8878 42.059, -87.8689 42.059, -87.8689 42.0445, -87.8878 42.0445, -87.8878 42.059))"
730,"POLYGON ((-87.8689 42.059, -87.84999999999999 42.059, -87.84999999999999 42.0445, -87.8689 42.0445, -87.8689 42.059))"
731,"POLYGON ((-87.84999999999999 42.059, -87.8312 42.059, -87.8312 42.0445, -87.84999999999999 42.0445, -87.84999999999999 42.059))"
732,"POLYGON ((-87.8312 42.059, -87.81229999999999 42.059, -87.81229999999999 42.0445, -87.8312 42.0445, -87.8312 42.059))"
733,"POLYGON ((-87.81229999999999 42.059, -87.79340000000001 42.059, -87.79340000000001 42.0445, -87.81229999999999 42.0445, -87.81229999999999 42.059))"
734,"POLYGON ((-87.79340000000001 42.059, -87.77460000000001 42.059, -87.77460000000001 42.0445, -87.79340000000001 42.0445, -87.79340000000001 42.059))"
735,"POLYGON ((-87.77460000000001 42.059, -87.7557 42.059, -87.7557 42.0445, -87.77460000000001 42.0445, -87.77460000000001 42.059))"
736,"POLYGON ((-87.7557 42.059, -87.7368 42.059, -87.7368 42.0445, -87.7557 42.0445, -87.7557 42.059))"
737,"POLYGON ((-87.7368 42.059, -87.718 42.059, -87.718 42.0445, -87.7368 42.0445, -87.7368 42.059))"
738,"POLYGON ((-87.718 42.059, -87.6991 42.059, -87.6991 42.0445, -87.718 42.0445, -87.718 42.059))"
739,"POLYGON ((-87.6991 42.059, -87.6802 42.059, -87.6802 42.0445, -87.6991 42.0445, -87.6991 42.059))"
740,"POLYGON ((-87.6802 42.059, -87.6614 42.059, -87.6614 42.0445, -87.6802 42.0445, -87.6802 42.059))"
741,"POLYGON ((-87.6614 42.059, -87.6425 42.059, -87.6425 42.0445, -87.6614 42.0445, -87.6614 42.059))"
742,"POLYGON ((-87.6425 42.059, -87.6236 42.059, -87.6236 42.0445, -87.6425 42.0445, -87.6425 42.059))"
743,"POLYGON ((-87.6236 42.059, -87.6048 42.059, -87.6048 42.0445, -87.6236 42.0445, -87.6236 42.059))"
744,"POLYGON ((-87.6048 42.059, -87.5859 42.059, -87.5859 42.0445, -87.6048 42.0445, -87.6048 42.059))"
745,"POLYGON ((-87.5859 42.059, -87.56699999999999 42.059, -87.56699999999999 42.0445, -87.5859 42.0445, -87.5859 42.059))"
746,"POLYGON ((-87.56699999999999 42.059, -87.54819999999999 42.059, -87.54819999999999 42.0445, -87.56699999999999 42.0445, -87.56699999999999 42.059))"
747,"POLYGON ((-87.54819999999999 42.059, -87.52930000000001 42.059, -87.52930000000001 42.0445, -87.54819999999999 42.0445, -87.54819999999999 42.059))"
748,"POLYGON ((-87.52930000000001 42.059, -87.5104 42.059, -87.5104 42.0445, -87.52930000000001 42.0445, -87.52930000000001 42.059))"
749,"POLYGON ((-87.5104 42.059, -87.49160000000001 42.059, -87.49160000000001 42.0445, -87.5104 42.0445, -87.5104 42.059))"
750,"POLYGON ((-87.49160000000001 42.059, -87.4727 42.059, -87.4727 42.0445, -87.49160000000001 42.0445, -87.49160000000001 42.059))"
